EnrollmentID,StudentID,CourseID,Grade,Semester,Year
1,433,39,A,Fall,2023
2,611,30,F,Fall,2020
3,697,47,A,Fall,2022
4,115,19,D,Spring,2023
5,4,47,C,Spring,2020
6,641,20,F,Spring,2021
7,383,49,B,Spring,2022
8,501,2,A,Fall,2022
9,246,4,B,Spring,2020
10,750,32,A,Spring,2021
11,676,31,F,Spring,2022
12,541,39,D,Spring,2021
13,731,20,D,Fall,2023
14,530,29,A,Spring,2021
15,66,22,A,Spring,2021
16,8,5,A,Spring,2020
17,33,22,A,Spring,2022
18,686,32,B,Spring,2023
19,249,31,D,Spring,2020
20,100,43,D,Fall,2023
21,421,30,A,Spring,2020
22,413,47,C,Spring,2021
23,197,13,F,Fall,2021
24,433,12,C,Fall,2021
25,78,29,F,Spring,2020
26,668,35,A,Spring,2021
27,171,27,D,Fall,2021
28,411,4,B,Fall,2020
29,400,17,D,Fall,2023
30,714,47,F,Fall,2021
31,195,19,B,Spring,2020
32,766,21,A,Spring,2023
33,515,34,B,Spring,2020
34,191,5,F,Spring,2021
35,414,8,F,Spring,2020
36,635,6,D,Fall,2022
37,210,43,C,Spring,2022
38,406,9,C,Fall,2022
39,770,5,A,Fall,2020
40,76,35,B,Fall,2021
41,358,5,B,Fall,2022
42,162,29,F,Fall,2020
43,684,36,C,Spring,2021
44,271,8,A,Spring,2022
45,289,39,B,Fall,2021
46,704,41,C,Fall,2022
47,53,6,D,Fall,2020
48,4,22,B,Fall,2021
49,760,29,F,Fall,2020
50,115,5,B,Spring,2022
51,597,36,B,Fall,2021
52,43,20,C,Spring,2022
53,216,44,B,Spring,2022
54,799,36,D,Spring,2021
55,167,12,D,Spring,2021
56,755,22,D,Spring,2022
57,164,45,A,Fall,2020
58,482,15,B,Fall,2022
59,313,15,B,Spring,2021
60,409,22,C,Spring,2022
61,360,42,F,Fall,2022
62,29,8,C,Spring,2022
63,40,7,F,Fall,2022
64,747,21,D,Spring,2023
65,591,13,C,Spring,2023
66,2,34,F,Spring,2022
67,442,5,C,Fall,2020
68,738,20,F,Fall,2023
69,335,26,C,Spring,2021
70,431,43,D,Spring,2022
71,416,36,A,Fall,2022
72,216,28,F,Fall,2023
73,453,29,B,Fall,2021
74,675,6,C,Fall,2020
75,770,16,C,Spring,2021
76,151,2,A,Spring,2023
77,626,50,A,Fall,2023
78,645,37,B,Fall,2023
79,410,16,B,Spring,2020
80,798,28,B,Spring,2023
81,52,36,B,Spring,2023
82,137,30,F,Fall,2023
83,628,47,F,Fall,2023
84,163,48,D,Fall,2022
85,770,16,C,Fall,2021
86,282,29,A,Fall,2021
87,279,22,C,Spring,2021
88,155,15,D,Spring,2021
89,66,27,D,Fall,2023
90,426,4,B,Fall,2023
91,789,38,A,Fall,2023
92,7,23,C,Fall,2023
93,552,48,F,Spring,2023
94,225,18,D,Fall,2020
95,399,22,D,Spring,2023
96,131,40,F,Spring,2023
97,607,37,A,Spring,2023
98,139,30,B,Spring,2022
99,389,21,B,Fall,2022
100,346,49,D,Fall,2023
101,259,6,D,Spring,2020
102,359,15,A,Spring,2020
103,254,13,A,Spring,2021
104,130,31,A,Spring,2023
105,717,17,C,Spring,2020
106,797,11,C,Spring,2020
107,320,37,D,Fall,2021
108,78,38,B,Spring,2022
109,701,39,A,Spring,2022
110,546,28,C,Spring,2022
111,13,27,D,Spring,2023
112,371,41,D,Spring,2023
113,181,47,F,Fall,2023
114,477,28,F,Fall,2022
115,252,6,C,Fall,2021
116,769,30,F,Fall,2022
117,30,32,C,Spring,2023
118,218,23,C,Fall,2022
119,611,45,C,Spring,2021
120,88,16,D,Fall,2021
121,708,31,D,Fall,2020
122,96,19,B,Fall,2021
123,314,43,F,Fall,2023
124,567,34,C,Fall,2022
125,361,45,D,Fall,2022
126,258,15,A,Spring,2022
127,123,48,F,Spring,2021
128,222,48,D,Fall,2022
129,103,13,C,Spring,2022
130,184,20,A,Spring,2022
131,47,4,F,Fall,2021
132,654,49,D,Spring,2020
133,588,19,D,Fall,2023
134,349,12,A,Fall,2023
135,117,5,D,Fall,2020
136,591,41,A,Spring,2021
137,577,20,A,Spring,2020
138,572,49,D,Spring,2023
139,462,29,C,Fall,2022
140,583,40,A,Spring,2021
141,641,14,C,Spring,2021
142,246,12,F,Spring,2021
143,3,27,D,Fall,2022
144,34,15,C,Fall,2023
145,73,44,B,Fall,2021
146,436,8,F,Spring,2021
147,273,10,A,Spring,2021
148,315,39,F,Fall,2023
149,128,30,C,Fall,2022
150,513,35,D,Fall,2020
151,613,3,D,Fall,2022
152,27,6,B,Spring,2022
153,591,3,B,Fall,2023
154,285,12,F,Fall,2023
155,94,31,C,Fall,2022
156,329,43,A,Spring,2022
157,422,45,D,Fall,2023
158,779,36,A,Fall,2020
159,323,17,C,Spring,2023
160,527,1,F,Fall,2023
161,56,13,F,Fall,2023
162,641,29,A,Spring,2022
163,563,9,C,Fall,2023
164,125,2,F,Spring,2021
165,319,36,A,Fall,2020
166,231,8,D,Spring,2021
167,511,46,C,Fall,2023
168,495,31,B,Fall,2021
169,393,13,F,Spring,2020
170,283,50,D,Fall,2022
171,3,19,C,Fall,2021
172,458,35,D,Fall,2022
173,566,49,F,Fall,2023
174,330,13,B,Fall,2021
175,795,27,A,Fall,2023
176,723,25,D,Spring,2023
177,38,9,F,Fall,2020
178,451,7,F,Fall,2020
179,740,10,D,Spring,2020
180,481,17,C,Fall,2020
181,337,44,F,Fall,2022
182,642,46,D,Spring,2020
183,241,41,C,Spring,2020
184,445,7,A,Fall,2021
185,711,20,A,Spring,2022
186,58,19,C,Fall,2023
187,150,16,F,Fall,2021
188,175,12,A,Fall,2021
189,510,38,B,Spring,2023
190,654,17,D,Fall,2020
191,477,19,F,Spring,2020
192,453,23,F,Fall,2023
193,707,17,D,Fall,2021
194,394,31,A,Spring,2023
195,586,23,F,Fall,2022
196,23,43,D,Fall,2020
197,580,44,A,Fall,2022
198,795,15,F,Fall,2021
199,652,13,F,Fall,2021
200,644,7,A,Fall,2023
201,35,38,C,Spring,2020
202,303,21,D,Spring,2021
203,136,35,C,Fall,2021
204,264,31,C,Fall,2020
205,480,5,B,Spring,2023
206,571,24,A,Fall,2020
207,271,35,A,Fall,2022
208,689,48,C,Fall,2022
209,111,44,B,Fall,2020
210,635,36,C,Spring,2020
211,651,30,C,Fall,2020
212,144,3,A,Fall,2023
213,119,7,B,Spring,2023
214,465,24,F,Fall,2021
215,425,42,A,Fall,2023
216,287,3,C,Spring,2023
217,456,16,C,Spring,2022
218,558,42,C,Spring,2023
219,283,13,A,Fall,2020
220,679,14,F,Spring,2020
221,342,16,B,Spring,2020
222,784,36,B,Spring,2021
223,337,50,B,Spring,2022
224,149,9,F,Fall,2021
225,113,43,A,Spring,2020
226,367,16,F,Fall,2020
227,179,17,A,Spring,2023
228,539,8,A,Fall,2023
229,797,24,F,Spring,2023
230,516,15,F,Spring,2022
231,470,42,A,Spring,2023
232,412,28,A,Fall,2023
233,76,6,C,Spring,2020
234,130,18,F,Fall,2023
235,612,34,C,Fall,2023
236,102,45,A,Spring,2023
237,463,15,D,Fall,2023
238,409,27,A,Fall,2023
239,321,43,C,Fall,2021
240,704,31,A,Spring,2020
241,96,28,A,Fall,2021
242,570,4,F,Fall,2020
243,421,23,D,Spring,2022
244,615,20,C,Spring,2021
245,159,43,D,Spring,2020
246,359,36,C,Spring,2022
247,588,15,D,Spring,2022
248,30,12,C,Fall,2022
249,360,1,B,Spring,2023
250,72,10,A,Spring,2021
251,386,27,D,Fall,2021
252,379,20,C,Spring,2020
253,160,11,F,Spring,2020
254,279,29,D,Fall,2023
255,425,18,B,Spring,2022
256,441,8,C,Fall,2022
257,47,15,D,Spring,2020
258,210,20,B,Spring,2022
259,297,21,A,Spring,2023
260,765,28,B,Spring,2023
261,546,46,B,Fall,2020
262,407,48,A,Fall,2020
263,471,5,C,Fall,2023
264,727,41,D,Fall,2020
265,415,2,C,Spring,2023
266,707,24,A,Fall,2020
267,250,28,F,Fall,2020
268,406,20,C,Spring,2022
269,798,11,A,Spring,2021
270,795,23,C,Spring,2021
271,106,10,C,Spring,2021
272,617,10,A,Spring,2023
273,476,49,F,Fall,2022
274,643,21,B,Fall,2020
275,481,29,C,Fall,2020
276,361,33,A,Fall,2023
277,463,3,A,Fall,2022
278,79,42,A,Fall,2023
279,595,36,A,Fall,2021
280,330,39,D,Spring,2020
281,462,7,C,Spring,2021
282,41,16,D,Fall,2021
283,373,24,C,Fall,2023
284,794,22,F,Spring,2022
285,68,22,A,Fall,2022
286,259,47,F,Spring,2022
287,84,38,B,Fall,2022
288,672,45,D,Spring,2020
289,318,36,D,Fall,2021
290,687,45,F,Spring,2023
291,521,24,A,Fall,2022
292,185,14,C,Fall,2021
293,232,9,B,Spring,2022
294,104,33,F,Spring,2022
295,785,40,B,Fall,2021
296,167,12,F,Spring,2023
297,45,27,C,Spring,2023
298,626,19,D,Spring,2021
299,317,31,B,Fall,2023
300,473,50,C,Fall,2023
301,166,13,F,Spring,2022
302,54,42,D,Fall,2020
303,729,34,A,Fall,2020
304,782,11,C,Fall,2021
305,448,6,B,Fall,2022
306,28,27,A,Fall,2022
307,242,25,A,Fall,2021
308,29,21,A,Fall,2021
309,141,3,C,Fall,2021
310,778,46,D,Fall,2020
311,82,2,C,Spring,2021
312,562,47,F,Fall,2020
313,795,19,B,Fall,2020
314,49,16,D,Fall,2020
315,114,32,F,Spring,2021
316,736,10,C,Fall,2020
317,630,23,B,Fall,2021
318,681,43,A,Fall,2020
319,539,35,F,Spring,2023
320,482,3,D,Fall,2022
321,766,2,C,Spring,2022
322,247,47,A,Fall,2021
323,46,23,F,Fall,2021
324,798,44,D,Fall,2021
325,139,5,D,Spring,2022
326,207,3,B,Spring,2022
327,318,33,D,Fall,2022
328,38,49,B,Fall,2022
329,800,4,C,Fall,2020
330,377,28,D,Fall,2023
331,348,12,D,Fall,2022
332,532,18,A,Fall,2020
333,441,39,B,Fall,2022
334,106,6,C,Fall,2022
335,457,39,D,Spring,2023
336,360,29,A,Fall,2023
337,282,41,A,Spring,2023
338,373,33,B,Spring,2021
339,623,44,D,Spring,2021
340,69,16,C,Fall,2023
341,581,3,F,Spring,2023
342,380,24,D,Spring,2021
343,543,24,D,Fall,2022
344,256,8,A,Spring,2023
345,531,25,F,Spring,2022
346,794,17,D,Spring,2022
347,711,32,B,Spring,2021
348,76,29,B,Fall,2020
349,699,21,C,Spring,2022
350,308,11,B,Fall,2021
351,125,13,B,Spring,2023
352,27,24,F,Fall,2023
353,565,9,F,Spring,2020
354,317,26,D,Fall,2023
355,589,5,B,Fall,2020
356,461,30,F,Fall,2021
357,799,36,F,Spring,2021
358,444,33,A,Spring,2021
359,312,11,B,Fall,2021
360,355,34,C,Spring,2022
361,202,41,F,Fall,2021
362,641,20,F,Spring,2021
363,607,38,B,Spring,2022
364,578,3,A,Spring,2020
365,657,50,F,Fall,2021
366,786,37,D,Spring,2023
367,643,35,C,Fall,2023
368,251,44,D,Fall,2023
369,75,45,A,Spring,2023
370,426,31,D,Spring,2022
371,622,10,C,Fall,2022
372,409,9,C,Spring,2022
373,248,30,A,Fall,2023
374,254,10,A,Spring,2022
375,394,40,D,Spring,2021
376,336,37,C,Spring,2021
377,511,33,D,Fall,2022
378,510,2,A,Fall,2023
379,247,14,F,Fall,2020
380,52,19,D,Fall,2022
381,550,1,A,Fall,2021
382,271,47,C,Fall,2022
383,47,26,A,Spring,2022
384,567,19,A,Fall,2023
385,783,36,C,Spring,2021
386,100,26,C,Fall,2022
387,774,10,B,Fall,2020
388,47,3,B,Fall,2023
389,532,30,B,Spring,2022
390,628,21,B,Fall,2022
391,608,22,F,Fall,2022
392,487,2,C,Fall,2020
393,427,38,C,Spring,2023
394,272,42,F,Spring,2020
395,598,31,B,Fall,2021
396,698,16,A,Spring,2021
397,20,29,C,Fall,2021
398,423,45,B,Fall,2023
399,754,47,A,Spring,2021
400,575,21,D,Fall,2022
401,178,30,F,Fall,2022
402,693,50,C,Fall,2021
403,253,18,F,Fall,2021
404,305,50,C,Spring,2023
405,325,31,C,Fall,2022
406,125,37,F,Fall,2023
407,354,50,B,Fall,2020
408,295,46,A,Fall,2023
409,672,17,D,Spring,2021
410,552,18,F,Fall,2021
411,112,40,F,Spring,2021
412,52,43,F,Spring,2021
413,54,7,D,Fall,2023
414,103,44,B,Spring,2021
415,417,42,D,Fall,2021
416,775,19,C,Fall,2020
417,788,6,F,Spring,2020
418,180,27,B,Spring,2023
419,508,12,C,Spring,2020
420,306,37,F,Spring,2022
421,292,30,F,Fall,2021
422,517,30,C,Spring,2020
423,339,11,D,Fall,2021
424,15,48,C,Fall,2021
425,180,40,D,Fall,2022
426,89,26,A,Spring,2021
427,489,21,B,Spring,2022
428,393,16,D,Fall,2022
429,310,38,F,Spring,2022
430,670,24,B,Spring,2020
431,477,20,B,Fall,2022
432,707,8,C,Fall,2021
433,225,9,D,Spring,2023
434,766,39,C,Fall,2023
435,776,35,B,Spring,2020
436,539,29,F,Fall,2020
437,578,8,A,Spring,2021
438,169,21,F,Fall,2020
439,697,14,F,Fall,2020
440,523,29,A,Fall,2021
441,526,27,D,Spring,2023
442,689,20,A,Fall,2022
443,4,48,B,Spring,2020
444,434,23,A,Spring,2020
445,484,3,C,Fall,2021
446,788,9,D,Fall,2023
447,460,25,D,Spring,2021
448,670,23,A,Spring,2023
449,542,9,B,Spring,2020
450,306,30,F,Fall,2023
451,236,16,D,Fall,2021
452,283,13,A,Spring,2023
453,630,50,A,Spring,2021
454,69,7,F,Spring,2023
455,613,44,A,Spring,2020
456,412,29,B,Spring,2020
457,144,33,C,Spring,2022
458,592,39,C,Spring,2022
459,147,43,F,Spring,2023
460,308,18,A,Spring,2023
461,570,32,A,Fall,2023
462,538,21,D,Fall,2021
463,308,25,B,Fall,2021
464,231,20,B,Fall,2020
465,576,27,D,Spring,2023
466,249,17,B,Fall,2020
467,461,24,A,Spring,2020
468,275,25,F,Spring,2020
469,193,49,F,Spring,2023
470,214,22,C,Spring,2021
471,195,48,A,Fall,2021
472,713,39,B,Fall,2021
473,566,21,C,Fall,2023
474,547,42,C,Fall,2022
475,369,33,D,Fall,2020
476,740,31,C,Spring,2022
477,321,27,A,Spring,2021
478,17,17,F,Fall,2022
479,157,13,C,Spring,2023
480,584,16,D,Fall,2022
481,782,32,D,Fall,2021
482,751,23,B,Spring,2023
483,189,35,A,Spring,2020
484,685,4,A,Fall,2021
485,646,15,A,Spring,2020
486,224,33,D,Fall,2020
487,633,41,F,Fall,2023
488,17,1,F,Fall,2020
489,18,34,C,Fall,2020
490,515,45,D,Spring,2020
491,99,34,B,Spring,2021
492,635,34,C,Fall,2022
493,407,6,C,Fall,2023
494,579,16,B,Fall,2020
495,670,42,A,Spring,2023
496,389,25,F,Fall,2020
497,653,1,B,Spring,2023
498,445,42,C,Spring,2020
499,236,14,F,Fall,2022
500,48,5,C,Spring,2021
501,323,2,B,Spring,2023
502,79,20,B,Spring,2023
503,694,35,C,Fall,2021
504,706,47,A,Fall,2020
505,101,28,B,Spring,2022
506,620,50,F,Fall,2022
507,31,41,C,Fall,2023
508,234,23,F,Fall,2023
509,191,44,F,Fall,2020
510,791,40,C,Spring,2020
511,85,18,B,Fall,2021
512,758,25,C,Fall,2020
513,94,1,C,Fall,2022
514,780,18,A,Spring,2020
515,192,28,D,Fall,2020
516,27,6,C,Spring,2022
517,395,1,C,Fall,2023
518,798,6,F,Spring,2021
519,702,25,B,Spring,2022
520,309,18,D,Spring,2020
521,172,28,C,Fall,2022
522,496,5,C,Fall,2021
523,739,41,D,Spring,2023
524,110,9,C,Spring,2023
525,341,40,D,Fall,2023
526,343,28,F,Spring,2022
527,329,39,B,Fall,2022
528,182,26,C,Fall,2023
529,590,16,C,Fall,2022
530,403,24,A,Spring,2021
531,699,50,F,Spring,2023
532,726,14,D,Fall,2020
533,419,44,D,Spring,2022
534,248,17,B,Fall,2023
535,76,29,F,Fall,2023
536,548,33,D,Spring,2022
537,719,35,F,Spring,2020
538,788,16,C,Spring,2020
539,577,42,D,Fall,2023
540,109,1,A,Fall,2021
541,523,48,F,Spring,2023
542,384,26,D,Spring,2022
543,26,31,A,Fall,2023
544,88,8,B,Fall,2022
545,352,30,B,Fall,2022
546,488,7,D,Fall,2022
547,69,20,A,Spring,2020
548,352,42,A,Spring,2021
549,529,12,F,Spring,2022
550,574,28,D,Spring,2023
551,645,12,B,Fall,2023
552,30,48,F,Spring,2023
553,607,28,D,Spring,2021
554,211,18,A,Spring,2021
555,375,21,B,Fall,2020
556,269,43,D,Fall,2023
557,626,26,F,Spring,2022
558,361,30,F,Spring,2022
559,630,38,A,Spring,2022
560,121,16,C,Spring,2021
561,383,45,B,Fall,2023
562,611,9,F,Fall,2023
563,191,32,F,Spring,2021
564,502,19,B,Spring,2022
565,462,40,A,Fall,2020
566,497,9,B,Fall,2023
567,419,44,D,Fall,2023
568,501,11,A,Spring,2021
569,300,3,C,Spring,2022
570,173,50,D,Fall,2020
571,587,8,C,Fall,2020
572,779,47,D,Spring,2023
573,105,48,B,Fall,2020
574,461,17,C,Spring,2023
575,121,50,B,Spring,2022
576,728,40,D,Spring,2021
577,212,14,A,Fall,2022
578,612,35,B,Fall,2022
579,297,37,C,Spring,2021
580,769,27,A,Fall,2021
581,719,9,B,Spring,2022
582,254,49,D,Fall,2021
583,592,41,C,Fall,2023
584,463,5,A,Fall,2022
585,712,24,D,Fall,2022
586,596,1,A,Fall,2022
587,65,35,D,Spring,2023
588,217,32,C,Fall,2022
589,346,36,F,Spring,2023
590,352,44,A,Spring,2020
591,642,30,A,Spring,2021
592,452,30,A,Fall,2021
593,706,9,C,Spring,2022
594,96,42,C,Fall,2020
595,381,43,B,Spring,2023
596,641,20,B,Fall,2020
597,721,7,A,Spring,2023
598,80,9,F,Spring,2023
599,10,1,C,Spring,2023
600,711,9,D,Spring,2021
601,393,6,A,Spring,2022
602,377,20,B,Fall,2021
603,657,44,B,Spring,2020
604,625,42,B,Fall,2022
605,740,14,B,Fall,2023
606,223,6,A,Spring,2020
607,604,47,D,Fall,2023
608,323,9,B,Fall,2020
609,255,36,F,Fall,2020
610,675,20,B,Spring,2023
611,303,42,A,Spring,2023
612,396,8,B,Fall,2020
613,541,1,C,Fall,2021
614,397,37,D,Fall,2021
615,782,31,A,Spring,2020
616,15,17,B,Spring,2020
617,408,33,C,Fall,2023
618,719,26,A,Spring,2022
619,86,20,A,Spring,2021
620,550,21,D,Spring,2022
621,716,28,B,Spring,2021
622,89,28,A,Fall,2020
623,317,43,B,Spring,2020
624,725,9,A,Spring,2023
625,356,34,F,Fall,2021
626,381,9,C,Spring,2020
627,344,28,C,Spring,2022
628,730,37,A,Fall,2023
629,524,24,A,Fall,2021
630,377,11,C,Spring,2020
631,234,48,F,Spring,2020
632,13,16,A,Fall,2022
633,393,10,B,Spring,2023
634,230,21,B,Fall,2022
635,278,5,F,Fall,2020
636,515,44,A,Spring,2021
637,529,3,D,Spring,2023
638,290,50,C,Fall,2020
639,567,30,A,Fall,2021
640,299,37,C,Spring,2023
641,378,38,D,Spring,2021
642,155,1,D,Spring,2021
643,555,23,A,Fall,2020
644,778,43,D,Fall,2020
645,211,34,B,Fall,2023
646,62,10,C,Spring,2020
647,238,34,D,Fall,2023
648,766,6,F,Spring,2021
649,653,26,A,Spring,2023
650,679,9,B,Fall,2022
651,323,26,C,Fall,2023
652,279,15,A,Spring,2021
653,799,50,F,Spring,2021
654,109,11,D,Fall,2022
655,417,8,F,Fall,2021
656,463,20,D,Fall,2020
657,93,11,C,Spring,2021
658,336,10,A,Spring,2022
659,406,33,A,Fall,2022
660,179,2,D,Fall,2021
661,97,30,A,Spring,2020
662,13,4,B,Spring,2021
663,411,24,A,Fall,2020
664,23,5,B,Fall,2021
665,95,22,A,Spring,2023
666,52,11,F,Fall,2023
667,509,2,D,Fall,2021
668,363,14,B,Fall,2022
669,457,10,A,Spring,2022
670,511,27,F,Fall,2020
671,90,18,D,Spring,2023
672,205,42,F,Spring,2020
673,392,46,C,Fall,2023
674,353,37,F,Fall,2023
675,277,12,A,Fall,2021
676,31,50,C,Spring,2023
677,543,23,F,Spring,2021
678,103,16,B,Fall,2020
679,783,15,F,Fall,2022
680,178,12,B,Fall,2022
681,606,2,C,Spring,2021
682,505,35,C,Spring,2023
683,39,6,A,Spring,2021
684,21,34,D,Spring,2022
685,629,13,B,Fall,2021
686,332,4,A,Spring,2021
687,793,8,F,Fall,2020
688,383,46,D,Spring,2022
689,310,21,B,Spring,2023
690,655,32,C,Spring,2022
691,229,43,F,Spring,2023
692,315,47,C,Spring,2021
693,747,1,F,Fall,2020
694,187,39,C,Spring,2020
695,509,10,C,Spring,2021
696,356,21,B,Spring,2022
697,458,1,C,Spring,2021
698,710,5,C,Fall,2020
699,738,1,A,Fall,2023
700,751,27,B,Fall,2023
701,388,23,F,Fall,2020
702,491,37,B,Spring,2023
703,76,3,C,Spring,2022
704,268,7,A,Fall,2021
705,385,11,A,Spring,2022
706,609,40,D,Spring,2023
707,670,11,F,Fall,2021
708,55,7,C,Spring,2021
709,420,45,F,Fall,2022
710,305,16,A,Spring,2023
711,586,36,D,Spring,2020
712,370,1,D,Spring,2022
713,678,41,F,Fall,2021
714,100,2,B,Spring,2022
715,84,31,A,Fall,2023
716,483,32,C,Spring,2023
717,190,24,D,Fall,2021
718,457,3,C,Fall,2023
719,270,15,C,Spring,2021
720,771,45,A,Spring,2022
721,555,27,F,Spring,2020
722,397,34,D,Fall,2021
723,488,20,A,Fall,2020
724,515,37,F,Spring,2020
725,776,29,B,Spring,2021
726,198,9,A,Fall,2020
727,700,28,B,Spring,2022
728,328,47,A,Spring,2023
729,570,26,F,Fall,2022
730,533,30,A,Fall,2020
731,425,10,B,Spring,2020
732,577,50,A,Fall,2022
733,421,17,D,Fall,2023
734,39,12,C,Fall,2021
735,634,39,D,Spring,2023
736,340,45,B,Spring,2023
737,276,24,A,Fall,2022
738,319,18,D,Spring,2021
739,138,20,D,Fall,2022
740,747,27,F,Spring,2021
741,453,14,D,Fall,2022
742,58,33,B,Spring,2022
743,727,33,D,Spring,2020
744,178,13,B,Spring,2021
745,34,30,A,Fall,2021
746,281,24,D,Fall,2020
747,698,2,B,Fall,2023
748,609,29,B,Fall,2022
749,353,11,C,Spring,2022
750,29,25,A,Spring,2021
751,227,42,B,Spring,2022
752,668,27,F,Spring,2020
753,486,9,B,Spring,2021
754,259,39,C,Fall,2023
755,386,23,D,Fall,2021
756,478,20,F,Fall,2020
757,8,33,C,Fall,2022
758,701,7,D,Spring,2022
759,284,41,C,Fall,2022
760,672,46,C,Spring,2021
761,530,49,B,Spring,2023
762,677,21,B,Spring,2023
763,303,17,D,Fall,2023
764,755,3,F,Spring,2022
765,744,46,B,Fall,2022
766,520,20,B,Spring,2022
767,100,31,B,Fall,2021
768,697,22,A,Spring,2022
769,229,48,C,Fall,2022
770,381,17,F,Fall,2023
771,121,31,A,Spring,2023
772,200,33,A,Fall,2022
773,424,4,B,Spring,2021
774,351,27,F,Fall,2021
775,324,46,B,Spring,2023
776,341,41,B,Fall,2020
777,5,29,C,Spring,2021
778,591,49,B,Fall,2020
779,133,40,D,Fall,2023
780,440,31,D,Spring,2020
781,547,13,C,Spring,2022
782,776,34,B,Spring,2020
783,642,47,B,Spring,2022
784,320,9,A,Fall,2022
785,172,5,A,Fall,2022
786,467,47,F,Fall,2023
787,704,9,C,Fall,2022
788,769,13,B,Fall,2020
789,234,15,B,Spring,2020
790,604,33,B,Spring,2022
791,729,42,A,Fall,2022
792,790,35,F,Spring,2020
793,678,7,A,Spring,2020
794,427,29,D,Spring,2022
795,486,45,B,Spring,2020
796,309,27,A,Fall,2021
797,429,7,F,Spring,2022
798,117,7,D,Spring,2021
799,797,17,F,Spring,2022
800,721,27,C,Spring,2020
801,562,32,B,Fall,2022
802,241,1,A,Spring,2020
803,588,43,D,Spring,2020
804,799,33,A,Spring,2022
805,660,15,D,Fall,2022
806,476,4,A,Spring,2020
807,298,24,C,Fall,2020
808,98,49,A,Spring,2021
809,680,42,B,Fall,2022
810,449,40,C,Spring,2022
811,351,12,A,Fall,2023
812,468,18,D,Fall,2023
813,665,11,A,Spring,2020
814,164,7,D,Fall,2023
815,186,40,D,Fall,2020
816,701,47,B,Fall,2023
817,116,27,D,Spring,2020
818,268,42,C,Spring,2021
819,686,22,F,Spring,2023
820,678,47,B,Fall,2022
821,680,44,D,Spring,2020
822,12,42,B,Fall,2023
823,170,5,D,Fall,2021
824,339,18,A,Spring,2023
825,413,16,A,Fall,2023
826,587,29,A,Fall,2023
827,324,8,D,Spring,2020
828,414,27,A,Spring,2020
829,619,40,C,Spring,2023
830,350,24,A,Spring,2023
831,340,36,F,Fall,2022
832,734,29,A,Spring,2021
833,3,22,C,Fall,2022
834,719,7,A,Spring,2023
835,144,46,D,Spring,2022
836,626,13,B,Spring,2023
837,221,30,B,Fall,2020
838,776,27,A,Spring,2023
839,469,43,F,Spring,2023
840,5,34,A,Fall,2023
841,521,50,B,Spring,2021
842,107,25,F,Fall,2023
843,429,39,B,Fall,2023
844,352,19,D,Spring,2021
845,423,39,F,Fall,2022
846,729,48,F,Spring,2021
847,215,40,C,Fall,2021
848,728,42,B,Fall,2020
849,780,23,F,Fall,2023
850,691,48,F,Fall,2023
851,14,34,A,Spring,2023
852,149,4,A,Spring,2022
853,769,11,C,Fall,2021
854,64,45,C,Spring,2020
855,368,29,A,Spring,2023
856,244,33,C,Spring,2023
857,397,27,C,Spring,2020
858,762,17,B,Fall,2021
859,649,46,C,Spring,2021
860,302,29,B,Spring,2021
861,178,48,F,Spring,2023
862,42,28,C,Fall,2021
863,165,38,C,Spring,2022
864,478,46,B,Spring,2021
865,331,39,A,Fall,2023
866,587,36,C,Spring,2022
867,539,15,B,Spring,2021
868,426,35,F,Fall,2020
869,358,15,B,Fall,2022
870,370,19,B,Fall,2020
871,118,43,C,Fall,2021
872,658,40,F,Spring,2020
873,699,21,D,Spring,2023
874,263,35,C,Spring,2022
875,527,33,D,Fall,2020
876,304,42,B,Fall,2020
877,99,11,F,Spring,2020
878,216,43,B,Fall,2020
879,211,35,D,Spring,2021
880,25,30,C,Spring,2020
881,76,4,B,Fall,2020
882,589,15,C,Fall,2023
883,462,41,D,Fall,2022
884,18,25,A,Spring,2020
885,775,48,F,Spring,2020
886,367,33,A,Fall,2022
887,622,6,C,Fall,2023
888,405,43,A,Fall,2021
889,547,15,B,Fall,2022
890,650,10,C,Fall,2020
891,567,36,B,Spring,2020
892,6,37,F,Fall,2020
893,313,14,C,Spring,2023
894,662,33,B,Spring,2021
895,227,40,C,Spring,2020
896,186,43,F,Spring,2023
897,661,36,A,Fall,2020
898,257,7,B,Fall,2022
899,366,9,B,Spring,2022
900,635,5,B,Fall,2023
901,462,22,F,Fall,2021
902,580,37,C,Fall,2023
903,173,1,C,Spring,2021
904,730,48,D,Fall,2022
905,138,44,C,Fall,2023
906,457,23,C,Fall,2020
907,180,42,F,Spring,2022
908,144,35,B,Fall,2020
909,745,5,A,Spring,2023
910,788,38,B,Spring,2022
911,557,35,D,Spring,2022
912,402,15,F,Fall,2021
913,476,33,F,Spring,2023
914,373,33,A,Spring,2021
915,776,33,B,Fall,2021
916,184,37,F,Spring,2023
917,368,3,B,Fall,2021
918,65,17,C,Spring,2020
919,685,14,F,Fall,2023
920,481,30,A,Spring,2022
921,106,46,F,Fall,2022
922,593,35,F,Spring,2023
923,670,25,C,Spring,2022
924,386,15,F,Fall,2022
925,354,32,D,Spring,2021
926,451,11,B,Spring,2022
927,217,10,B,Spring,2022
928,617,46,A,Spring,2023
929,339,47,A,Fall,2023
930,491,14,F,Spring,2023
931,23,16,A,Spring,2021
932,138,41,F,Spring,2021
933,58,11,C,Spring,2023
934,614,37,A,Fall,2020
935,222,29,F,Fall,2023
936,175,15,D,Spring,2021
937,639,43,F,Fall,2021
938,742,44,C,Fall,2020
939,236,25,D,Spring,2020
940,17,13,F,Fall,2021
941,621,7,B,Fall,2020
942,545,33,A,Spring,2023
943,676,9,F,Spring,2023
944,535,27,C,Spring,2023
945,235,31,D,Fall,2020
946,436,9,C,Fall,2021
947,86,19,F,Fall,2022
948,194,1,A,Spring,2020
949,385,42,B,Fall,2023
950,371,7,B,Fall,2022
951,268,35,D,Fall,2022
952,697,26,B,Fall,2023
953,184,24,F,Fall,2022
954,315,37,C,Fall,2021
955,676,8,B,Fall,2021
956,103,14,F,Fall,2022
957,564,40,A,Spring,2023
958,652,1,A,Spring,2023
959,615,28,A,Spring,2022
960,228,24,A,Spring,2023
961,411,40,F,Fall,2020
962,793,12,D,Fall,2020
963,207,43,F,Fall,2021
964,35,39,F,Spring,2021
965,691,3,C,Spring,2020
966,162,6,C,Fall,2022
967,686,26,D,Spring,2020
968,755,46,A,Spring,2022
969,744,36,F,Fall,2022
970,284,15,F,Spring,2023
971,414,37,A,Fall,2021
972,417,33,A,Spring,2022
973,349,8,F,Fall,2022
974,711,29,D,Fall,2021
975,776,22,D,Fall,2020
976,494,8,C,Spring,2023
977,649,15,B,Fall,2023
978,362,34,F,Spring,2022
979,255,19,A,Fall,2022
980,78,36,B,Fall,2022
981,363,14,F,Fall,2021
982,765,44,B,Fall,2021
983,241,48,B,Fall,2021
984,235,13,B,Fall,2021
985,798,7,A,Spring,2023
986,629,1,F,Spring,2023
987,381,40,C,Fall,2022
988,503,12,F,Fall,2023
989,228,49,F,Spring,2020
990,539,28,D,Spring,2022
991,404,44,B,Fall,2020
992,716,34,D,Fall,2020
993,13,44,B,Fall,2020
994,334,24,F,Fall,2021
995,562,17,B,Fall,2023
996,628,22,C,Spring,2023
997,435,14,D,Fall,2022
998,411,18,D,Spring,2021
999,590,44,B,Spring,2022
1000,242,36,D,Fall,2021
1001,150,48,B,Fall,2020
1002,181,27,D,Spring,2022
1003,499,20,C,Spring,2023
1004,102,45,B,Spring,2021
1005,261,31,A,Fall,2022
1006,267,24,C,Fall,2022
1007,21,27,A,Fall,2021
1008,591,37,F,Spring,2022
1009,364,21,F,Fall,2023
1010,81,25,F,Fall,2023
1011,647,10,B,Fall,2023
1012,647,40,F,Fall,2020
1013,82,11,C,Spring,2022
1014,325,42,C,Fall,2023
1015,278,29,C,Fall,2023
1016,172,12,A,Spring,2021
1017,678,17,A,Spring,2021
1018,407,7,A,Spring,2023
1019,562,4,A,Fall,2020
1020,107,17,F,Spring,2020
1021,671,25,C,Spring,2021
1022,756,19,D,Spring,2021
1023,540,11,A,Spring,2022
1024,334,31,D,Fall,2023
1025,139,45,F,Spring,2023
1026,647,48,F,Fall,2022
1027,356,31,F,Spring,2020
1028,453,20,C,Fall,2022
1029,160,20,A,Spring,2021
1030,353,19,D,Spring,2023
1031,774,31,C,Spring,2023
1032,300,39,B,Spring,2022
1033,194,27,F,Fall,2023
1034,256,11,D,Fall,2021
1035,270,6,D,Spring,2022
1036,292,42,F,Fall,2023
1037,193,5,B,Spring,2022
1038,114,41,D,Fall,2022
1039,718,40,D,Spring,2022
1040,20,10,A,Spring,2021
1041,105,19,C,Spring,2023
1042,745,1,B,Spring,2021
1043,16,32,B,Fall,2023
1044,320,32,C,Fall,2020
1045,339,6,B,Spring,2022
1046,795,26,A,Fall,2021
1047,197,17,D,Spring,2020
1048,787,46,B,Fall,2023
1049,254,48,A,Spring,2023
1050,753,50,A,Spring,2023
1051,399,44,C,Fall,2021
1052,645,47,A,Spring,2022
1053,493,41,C,Spring,2022
1054,54,43,B,Spring,2021
1055,649,28,C,Spring,2021
1056,283,38,A,Fall,2021
1057,10,3,F,Fall,2021
1058,381,50,A,Spring,2021
1059,512,6,F,Fall,2020
1060,62,23,B,Spring,2021
1061,500,15,C,Fall,2023
1062,751,13,A,Fall,2022
1063,742,9,C,Spring,2023
1064,724,29,F,Fall,2023
1065,195,37,B,Fall,2022
1066,750,30,C,Spring,2020
1067,544,10,D,Fall,2022
1068,555,24,D,Spring,2023
1069,752,12,A,Fall,2021
1070,329,47,A,Fall,2021
1071,537,44,D,Spring,2022
1072,331,27,C,Spring,2020
1073,536,43,A,Spring,2021
1074,183,3,B,Spring,2023
1075,197,7,A,Fall,2023
1076,539,40,F,Fall,2020
1077,376,15,F,Spring,2020
1078,214,42,D,Spring,2023
1079,655,4,C,Fall,2022
1080,726,4,F,Fall,2020
1081,752,5,C,Spring,2021
1082,532,7,A,Spring,2023
1083,195,13,F,Spring,2021
1084,572,48,F,Fall,2020
1085,785,41,F,Fall,2023
1086,720,43,D,Spring,2021
1087,185,36,D,Fall,2021
1088,547,39,D,Fall,2022
1089,564,21,C,Fall,2023
1090,744,21,F,Spring,2021
1091,385,50,F,Fall,2022
1092,464,29,D,Spring,2020
1093,292,39,A,Spring,2022
1094,7,20,B,Spring,2022
1095,23,50,C,Spring,2020
1096,39,30,C,Spring,2021
1097,272,24,F,Spring,2021
1098,263,20,A,Fall,2021
1099,752,5,C,Fall,2021
1100,500,45,F,Spring,2022
1101,39,47,F,Fall,2020
1102,799,4,C,Fall,2023
1103,427,8,B,Spring,2023
1104,56,20,F,Spring,2022
1105,553,37,B,Fall,2021
1106,157,4,D,Fall,2020
1107,228,28,C,Fall,2021
1108,136,22,A,Fall,2020
1109,562,26,C,Spring,2023
1110,514,28,B,Spring,2023
1111,573,13,D,Fall,2021
1112,575,40,F,Spring,2021
1113,74,18,D,Fall,2020
1114,116,43,D,Fall,2022
1115,357,13,C,Fall,2020
1116,789,20,B,Fall,2023
1117,639,10,D,Spring,2021
1118,205,44,C,Spring,2020
1119,116,48,A,Spring,2021
1120,295,1,C,Spring,2022
1121,461,31,A,Fall,2021
1122,758,35,B,Spring,2022
1123,562,31,F,Spring,2020
1124,386,38,F,Spring,2022
1125,175,4,C,Spring,2022
1126,55,30,A,Spring,2023
1127,677,18,C,Spring,2020
1128,300,42,D,Spring,2023
1129,521,46,A,Fall,2023
1130,612,35,A,Spring,2021
1131,513,30,F,Spring,2020
1132,254,34,C,Fall,2023
1133,403,48,B,Spring,2022
1134,701,23,C,Fall,2021
1135,514,18,A,Fall,2023
1136,31,36,C,Spring,2021
1137,350,26,B,Spring,2023
1138,534,44,F,Spring,2023
1139,247,37,B,Fall,2022
1140,620,22,D,Spring,2021
1141,669,9,F,Spring,2021
1142,317,45,F,Spring,2023
1143,789,10,F,Spring,2022
1144,70,36,F,Spring,2021
1145,326,10,A,Fall,2023
1146,422,20,D,Fall,2021
1147,798,13,A,Spring,2021
1148,27,49,F,Fall,2021
1149,611,15,B,Spring,2022
1150,82,45,D,Spring,2023
1151,730,42,C,Spring,2023
1152,504,31,B,Spring,2021
1153,232,3,D,Spring,2022
1154,423,15,B,Spring,2020
1155,182,29,F,Fall,2022
1156,469,16,D,Fall,2020
1157,623,48,D,Fall,2023
1158,627,48,F,Spring,2020
1159,463,30,A,Spring,2023
1160,753,3,F,Fall,2020
1161,195,19,D,Fall,2022
1162,793,19,D,Spring,2023
1163,302,40,A,Spring,2023
1164,662,29,A,Spring,2021
1165,798,38,F,Spring,2023
1166,424,21,D,Spring,2021
1167,465,38,B,Fall,2020
1168,257,21,B,Spring,2020
1169,117,46,D,Fall,2020
1170,537,46,D,Spring,2023
1171,564,25,A,Spring,2022
1172,580,43,B,Spring,2021
1173,184,50,A,Fall,2022
1174,317,47,D,Fall,2021
1175,121,9,B,Spring,2022
1176,13,30,D,Fall,2020
1177,623,32,B,Spring,2023
1178,465,27,D,Spring,2020
1179,251,36,C,Spring,2020
1180,190,10,A,Fall,2020
1181,149,3,F,Fall,2022
1182,90,4,A,Fall,2021
1183,166,44,C,Spring,2023
1184,768,38,C,Spring,2020
1185,787,20,C,Fall,2023
1186,70,49,D,Spring,2022
1187,483,9,A,Fall,2022
1188,540,27,F,Spring,2021
1189,627,4,A,Spring,2023
1190,742,45,F,Fall,2023
1191,624,21,C,Fall,2021
1192,630,37,D,Fall,2023
1193,185,40,B,Fall,2021
1194,2,8,A,Fall,2020
1195,756,14,F,Fall,2023
1196,47,22,C,Spring,2020
1197,656,13,C,Fall,2020
1198,316,20,F,Fall,2020
1199,117,44,C,Fall,2023
1200,742,37,F,Spring,2021
1201,199,22,C,Fall,2023
1202,37,42,B,Fall,2021
1203,643,30,F,Fall,2023
1204,424,48,A,Fall,2022
1205,569,35,A,Spring,2022
1206,363,5,B,Fall,2020
1207,348,25,F,Spring,2023
1208,192,39,A,Fall,2022
1209,727,3,C,Fall,2020
1210,509,16,C,Fall,2022
1211,222,34,C,Spring,2020
1212,384,3,B,Spring,2023
1213,519,2,D,Spring,2021
1214,349,31,F,Fall,2022
1215,147,50,A,Spring,2021
1216,742,3,D,Fall,2020
1217,5,20,A,Spring,2022
1218,479,3,A,Fall,2020
1219,592,49,C,Spring,2022
1220,206,13,C,Fall,2022
1221,792,29,A,Fall,2021
1222,162,18,A,Spring,2020
1223,212,35,C,Fall,2022
1224,145,46,C,Spring,2021
1225,73,20,F,Fall,2023
1226,52,9,A,Fall,2020
1227,109,25,A,Spring,2023
1228,402,12,F,Fall,2022
1229,320,22,B,Spring,2023
1230,582,9,A,Fall,2020
1231,467,20,D,Fall,2021
1232,230,10,F,Fall,2022
1233,402,12,C,Fall,2023
1234,500,2,A,Fall,2020
1235,360,31,D,Spring,2022
1236,787,23,F,Spring,2020
1237,416,46,A,Fall,2020
1238,310,35,D,Fall,2023
1239,245,40,B,Spring,2023
1240,394,5,C,Spring,2023
1241,446,37,C,Spring,2021
1242,679,43,A,Fall,2020
1243,607,39,D,Fall,2020
1244,456,12,C,Fall,2020
1245,613,7,F,Fall,2022
1246,507,42,A,Spring,2021
1247,143,38,A,Spring,2021
1248,464,35,C,Fall,2023
1249,201,14,C,Fall,2022
1250,446,46,C,Spring,2020
1251,627,33,D,Spring,2022
1252,64,24,F,Spring,2020
1253,721,36,C,Spring,2022
1254,32,16,D,Fall,2022
1255,729,25,D,Fall,2023
1256,559,14,B,Fall,2021
1257,193,36,D,Fall,2023
1258,158,19,B,Spring,2020
1259,74,42,A,Spring,2023
1260,674,28,B,Spring,2021
1261,658,27,D,Fall,2021
1262,466,33,D,Fall,2023
1263,364,15,B,Fall,2020
1264,592,32,B,Fall,2023
1265,560,37,C,Spring,2020
1266,582,31,C,Spring,2023
1267,708,6,B,Fall,2023
1268,530,6,F,Spring,2021
1269,484,41,A,Fall,2020
1270,352,35,A,Fall,2023
1271,525,31,F,Fall,2023
1272,362,19,C,Spring,2020
1273,712,39,C,Fall,2020
1274,645,31,F,Spring,2020
1275,673,19,F,Spring,2022
1276,497,6,B,Spring,2022
1277,259,9,F,Fall,2022
1278,264,1,A,Spring,2021
1279,675,29,C,Spring,2022
1280,718,16,D,Spring,2020
1281,352,6,B,Spring,2023
1282,771,27,D,Spring,2023
1283,744,41,B,Spring,2022
1284,56,42,C,Spring,2020
1285,172,30,D,Fall,2022
1286,488,48,F,Spring,2023
1287,700,46,D,Fall,2022
1288,149,34,D,Spring,2022
1289,460,25,C,Spring,2020
1290,545,41,C,Fall,2022
1291,344,18,C,Spring,2022
1292,671,38,D,Fall,2021
1293,752,44,F,Spring,2022
1294,694,45,B,Fall,2020
1295,689,1,A,Spring,2023
1296,101,34,A,Fall,2022
1297,225,47,C,Fall,2021
1298,35,2,F,Spring,2020
1299,609,43,B,Spring,2020
1300,89,39,B,Fall,2021
1301,114,45,B,Fall,2022
1302,479,43,A,Fall,2022
1303,788,28,C,Fall,2021
1304,800,5,C,Spring,2023
1305,398,22,A,Fall,2022
1306,183,29,A,Fall,2021
1307,625,26,B,Fall,2020
1308,148,35,D,Spring,2020
1309,453,46,C,Spring,2020
1310,75,5,F,Fall,2023
1311,20,32,B,Spring,2020
1312,681,25,C,Spring,2022
1313,401,37,A,Fall,2023
1314,447,26,A,Spring,2020
1315,394,45,D,Spring,2022
1316,342,44,C,Fall,2020
1317,648,42,A,Fall,2022
1318,83,30,C,Spring,2021
1319,568,3,D,Spring,2022
1320,713,25,A,Fall,2023
1321,87,41,D,Spring,2021
1322,37,13,A,Spring,2023
1323,399,5,F,Fall,2023
1324,547,29,A,Spring,2022
1325,58,22,A,Fall,2020
1326,217,42,F,Fall,2021
1327,759,38,B,Spring,2020
1328,754,10,D,Spring,2023
1329,634,3,B,Spring,2020
1330,177,41,A,Fall,2020
1331,468,40,B,Spring,2020
1332,117,32,F,Spring,2020
1333,208,28,C,Fall,2022
1334,124,44,F,Spring,2022
1335,219,49,A,Spring,2022
1336,65,8,C,Spring,2023
1337,173,45,C,Spring,2023
1338,250,38,A,Spring,2020
1339,648,40,D,Spring,2020
1340,499,6,A,Spring,2021
1341,92,46,F,Fall,2023
1342,711,50,D,Spring,2021
1343,147,41,C,Fall,2023
1344,245,12,F,Spring,2021
1345,735,32,F,Spring,2022
1346,357,27,A,Spring,2021
1347,121,34,A,Fall,2021
1348,476,50,B,Fall,2020
1349,199,8,B,Fall,2023
1350,181,11,A,Spring,2022
1351,292,14,D,Fall,2022
1352,632,49,D,Spring,2020
1353,759,4,F,Spring,2021
1354,30,32,F,Spring,2020
1355,241,47,D,Fall,2023
1356,204,48,C,Spring,2020
1357,334,15,A,Spring,2023
1358,205,25,B,Spring,2023
1359,600,32,A,Fall,2021
1360,222,40,D,Spring,2023
1361,383,9,D,Spring,2022
1362,277,13,C,Spring,2020
1363,709,37,A,Fall,2021
1364,114,30,D,Fall,2021
1365,779,22,B,Fall,2021
1366,654,40,B,Spring,2020
1367,422,34,D,Spring,2023
1368,474,18,A,Fall,2021
1369,254,21,D,Spring,2021
1370,588,1,D,Spring,2020
1371,482,47,F,Spring,2023
1372,544,26,D,Spring,2023
1373,508,16,A,Spring,2023
1374,224,9,C,Fall,2021
1375,664,6,A,Fall,2022
1376,166,46,D,Spring,2023
1377,475,50,B,Fall,2021
1378,380,41,D,Spring,2020
1379,395,45,C,Spring,2022
1380,437,49,C,Spring,2020
1381,636,22,A,Fall,2020
1382,114,25,C,Fall,2020
1383,375,24,B,Spring,2021
1384,142,22,B,Spring,2023
1385,756,49,F,Spring,2021
1386,329,23,C,Fall,2022
1387,56,5,C,Fall,2023
1388,498,33,F,Spring,2023
1389,727,35,F,Fall,2023
1390,636,24,A,Spring,2023
1391,90,6,D,Spring,2022
1392,79,7,B,Fall,2020
1393,714,10,D,Spring,2021
1394,534,41,A,Fall,2023
1395,699,35,B,Fall,2022
1396,431,29,A,Fall,2021
1397,65,2,B,Fall,2023
1398,593,22,C,Fall,2023
1399,469,20,F,Spring,2022
1400,176,17,B,Fall,2022
1401,296,50,A,Spring,2022
1402,292,30,B,Spring,2022
1403,187,12,B,Spring,2021
1404,120,3,C,Spring,2023
1405,267,24,B,Spring,2020
1406,682,21,C,Spring,2022
1407,460,35,B,Fall,2020
1408,26,26,D,Spring,2023
1409,328,10,A,Fall,2022
1410,486,19,F,Spring,2023
1411,347,45,A,Fall,2020
1412,143,44,F,Spring,2022
1413,26,26,F,Spring,2023
1414,366,6,C,Spring,2021
1415,598,34,B,Fall,2021
1416,24,6,F,Fall,2020
1417,525,26,B,Fall,2022
1418,618,39,F,Spring,2022
1419,408,10,D,Fall,2023
1420,382,1,C,Fall,2022
1421,316,29,F,Spring,2021
1422,746,29,D,Fall,2022
1423,168,47,D,Fall,2021
1424,602,39,A,Spring,2021
1425,311,31,F,Fall,2020
1426,605,49,D,Spring,2020
1427,420,41,C,Fall,2021
1428,570,30,F,Spring,2021
1429,191,25,C,Fall,2020
1430,310,38,C,Fall,2023
1431,230,2,A,Spring,2022
1432,308,41,D,Spring,2022
1433,428,12,D,Spring,2020
1434,123,49,C,Fall,2020
1435,614,48,C,Fall,2023
1436,265,41,D,Spring,2022
1437,525,47,F,Spring,2022
1438,167,38,A,Spring,2022
1439,473,45,B,Fall,2021
1440,55,18,C,Fall,2022
1441,50,19,C,Spring,2021
1442,785,41,B,Spring,2021
1443,557,21,C,Fall,2022
1444,702,45,C,Spring,2022
1445,148,1,B,Fall,2022
1446,798,32,D,Fall,2021
1447,105,14,B,Spring,2021
1448,573,40,F,Spring,2023
1449,472,5,A,Spring,2020
1450,492,23,C,Fall,2021
1451,453,39,F,Fall,2021
1452,727,20,A,Spring,2021
1453,132,45,B,Spring,2022
1454,129,14,B,Spring,2023
1455,708,49,A,Spring,2020
1456,794,31,D,Spring,2021
1457,111,3,F,Spring,2023
1458,122,17,A,Spring,2022
1459,684,1,A,Spring,2021
1460,602,13,B,Fall,2020
1461,93,10,C,Fall,2022
1462,165,33,F,Spring,2020
1463,102,38,A,Spring,2021
1464,289,11,F,Spring,2020
1465,220,33,D,Fall,2021
1466,451,44,A,Spring,2022
1467,389,28,B,Spring,2023
1468,116,49,C,Spring,2023
1469,113,34,B,Fall,2022
1470,722,19,F,Spring,2020
1471,336,32,A,Fall,2022
1472,468,39,C,Fall,2021
1473,568,27,C,Fall,2021
1474,72,31,C,Spring,2020
1475,691,32,A,Fall,2023
1476,536,43,A,Spring,2021
1477,405,26,F,Spring,2021
1478,67,24,B,Fall,2021
1479,610,26,A,Spring,2023
1480,743,32,C,Fall,2023
1481,365,31,F,Fall,2023
1482,524,18,B,Fall,2020
1483,126,17,D,Fall,2021
1484,644,9,A,Spring,2020
1485,70,32,A,Spring,2023
1486,620,44,C,Spring,2022
1487,637,40,A,Spring,2023
1488,478,13,C,Fall,2023
1489,517,17,F,Fall,2020
1490,783,3,D,Spring,2023
1491,461,21,D,Fall,2023
1492,37,3,B,Fall,2021
1493,504,28,B,Fall,2023
1494,500,49,A,Fall,2023
1495,488,36,B,Spring,2023
1496,270,32,F,Fall,2022
1497,785,19,C,Spring,2020
1498,605,3,B,Fall,2022
1499,760,38,A,Fall,2023
1500,100,28,C,Fall,2023
1501,360,4,B,Spring,2021
1502,664,20,F,Spring,2020
1503,313,8,C,Spring,2020
1504,552,21,A,Fall,2023
1505,582,33,D,Fall,2020
1506,713,31,F,Spring,2022
1507,387,37,D,Fall,2020
1508,501,7,B,Fall,2023
1509,515,49,C,Spring,2022
1510,373,28,B,Fall,2020
1511,549,14,C,Fall,2020
1512,305,37,D,Spring,2020
1513,735,38,A,Fall,2022
1514,69,37,F,Fall,2023
1515,215,23,A,Fall,2022
1516,444,43,F,Fall,2021
1517,425,26,C,Fall,2021
1518,20,41,F,Spring,2023
1519,219,43,D,Fall,2023
1520,580,47,A,Spring,2022
1521,474,10,B,Spring,2022
1522,446,27,C,Spring,2021
1523,423,18,C,Spring,2022
1524,704,39,B,Fall,2021
1525,117,10,B,Spring,2021
1526,318,30,D,Fall,2023
1527,663,3,B,Spring,2022
1528,140,2,C,Fall,2021
1529,660,3,D,Spring,2020
1530,86,21,F,Fall,2020
1531,417,24,A,Fall,2021
1532,242,8,F,Spring,2022
1533,509,6,B,Spring,2022
1534,338,38,D,Spring,2023
1535,224,10,A,Spring,2021
1536,282,29,D,Fall,2020
1537,503,35,C,Spring,2022
1538,559,28,D,Spring,2022
1539,149,24,D,Fall,2022
1540,22,42,F,Spring,2020
1541,708,43,B,Fall,2023
1542,317,41,C,Spring,2021
1543,454,25,A,Fall,2022
1544,309,6,B,Fall,2021
1545,165,29,C,Fall,2020
1546,281,6,D,Fall,2023
1547,341,46,D,Spring,2021
1548,716,17,F,Spring,2022
1549,431,39,F,Fall,2023
1550,712,2,A,Spring,2023
1551,657,9,A,Fall,2021
1552,644,20,C,Spring,2020
1553,162,16,F,Spring,2023
1554,328,29,D,Spring,2022
1555,178,44,F,Fall,2022
1556,204,6,D,Fall,2021
1557,403,25,F,Spring,2020
1558,24,36,F,Spring,2020
1559,474,13,C,Spring,2020
1560,411,40,D,Fall,2021
1561,92,24,B,Spring,2020
1562,736,34,D,Fall,2023
1563,122,15,B,Spring,2022
1564,295,48,D,Fall,2021
1565,442,14,F,Spring,2022
1566,745,44,B,Fall,2021
1567,419,10,A,Fall,2022
1568,242,40,D,Spring,2022
1569,597,44,D,Spring,2020
1570,481,9,C,Fall,2021
1571,731,25,D,Fall,2020
1572,98,36,A,Spring,2022
1573,241,31,C,Spring,2020
1574,260,33,F,Fall,2022
1575,405,43,C,Spring,2020
1576,595,12,C,Spring,2023
1577,348,30,B,Spring,2022
1578,728,34,D,Spring,2022
1579,120,21,A,Spring,2023
1580,288,48,C,Fall,2022
1581,270,40,C,Fall,2023
1582,169,21,D,Spring,2023
1583,55,13,B,Spring,2021
1584,188,3,D,Fall,2021
1585,723,30,D,Spring,2023
1586,42,29,C,Fall,2023
1587,505,8,B,Spring,2022
1588,96,14,C,Spring,2021
1589,768,33,C,Spring,2020
1590,539,50,F,Spring,2023
1591,79,16,D,Spring,2022
1592,27,19,A,Fall,2022
1593,605,7,C,Spring,2020
1594,84,30,D,Fall,2022
1595,609,43,A,Fall,2020
1596,672,40,D,Fall,2021
1597,217,4,C,Fall,2020
1598,762,5,F,Fall,2020
1599,409,17,B,Spring,2023
1600,92,2,B,Spring,2023
1601,799,26,C,Spring,2020
1602,306,32,D,Fall,2021
1603,368,43,A,Fall,2021
1604,502,29,D,Fall,2022
1605,577,39,D,Spring,2023
1606,378,40,B,Fall,2023
1607,96,3,F,Fall,2023
1608,693,15,B,Fall,2020
1609,298,30,D,Spring,2023
1610,308,10,B,Fall,2021
1611,536,28,C,Spring,2020
1612,47,33,A,Fall,2023
1613,97,30,F,Fall,2022
1614,261,38,A,Spring,2020
1615,759,43,D,Spring,2021
1616,403,3,A,Fall,2022
1617,322,38,D,Fall,2022
1618,350,12,B,Spring,2020
1619,765,39,C,Spring,2023
1620,548,2,A,Fall,2020
1621,14,11,D,Fall,2023
1622,674,48,F,Fall,2022
1623,634,40,C,Fall,2022
1624,90,9,B,Spring,2021
1625,115,2,B,Spring,2021
1626,493,42,B,Spring,2023
1627,642,35,B,Spring,2022
1628,789,30,B,Fall,2023
1629,23,8,B,Spring,2023
1630,497,31,A,Fall,2021
1631,207,19,F,Fall,2020
1632,342,1,A,Fall,2023
1633,508,48,F,Fall,2020
1634,500,26,D,Fall,2021
1635,732,4,F,Spring,2023
1636,591,21,F,Spring,2022
1637,664,27,D,Spring,2023
1638,638,42,C,Fall,2023
1639,22,11,C,Spring,2023
1640,353,29,B,Spring,2022
1641,617,46,D,Spring,2022
1642,741,46,D,Fall,2022
1643,484,11,F,Spring,2022
1644,708,48,A,Fall,2021
1645,178,13,B,Fall,2020
1646,426,32,C,Spring,2021
1647,571,4,A,Fall,2022
1648,366,44,B,Spring,2020
1649,66,22,D,Spring,2021
1650,124,36,B,Fall,2022
1651,349,23,A,Fall,2021
1652,707,33,F,Spring,2020
1653,449,30,A,Spring,2020
1654,576,3,F,Spring,2021
1655,646,8,B,Fall,2021
1656,746,19,D,Fall,2020
1657,158,42,C,Fall,2021
1658,126,13,D,Fall,2020
1659,252,31,C,Fall,2021
1660,88,18,C,Fall,2022
1661,645,43,B,Spring,2023
1662,234,9,D,Fall,2023
1663,470,34,C,Spring,2023
1664,150,50,A,Spring,2020
1665,347,21,D,Spring,2023
1666,63,26,A,Spring,2020
1667,647,46,F,Fall,2023
1668,412,44,F,Fall,2022
1669,353,1,C,Spring,2023
1670,457,42,B,Fall,2022
1671,665,26,B,Fall,2020
1672,38,35,C,Fall,2021
1673,533,35,C,Spring,2020
1674,524,36,C,Fall,2021
1675,24,2,F,Fall,2021
1676,793,20,D,Spring,2020
1677,382,17,F,Fall,2020
1678,49,49,A,Fall,2022
1679,587,48,A,Fall,2022
1680,242,48,F,Spring,2022
1681,307,19,F,Spring,2023
1682,533,48,B,Spring,2022
1683,529,38,B,Fall,2023
1684,101,10,D,Fall,2020
1685,95,4,D,Spring,2023
1686,220,29,A,Fall,2023
1687,603,36,F,Fall,2022
1688,599,32,D,Fall,2023
1689,750,27,B,Spring,2021
1690,497,46,D,Spring,2020
1691,712,14,D,Fall,2020
1692,765,11,F,Fall,2020
1693,617,27,A,Spring,2022
1694,586,19,A,Spring,2020
1695,381,20,C,Fall,2022
1696,498,2,B,Spring,2023
1697,50,20,C,Spring,2021
1698,758,32,A,Spring,2022
1699,70,3,D,Fall,2022
1700,580,29,C,Fall,2023
1701,738,39,B,Spring,2023
1702,780,29,D,Spring,2022
1703,92,40,F,Fall,2023
1704,239,26,C,Spring,2023
1705,754,18,A,Spring,2020
1706,586,41,C,Spring,2020
1707,198,40,F,Spring,2021
1708,769,31,F,Spring,2020
1709,675,35,B,Spring,2022
1710,211,16,F,Fall,2020
1711,547,39,C,Fall,2020
1712,504,2,C,Fall,2021
1713,425,2,F,Fall,2023
1714,264,6,A,Spring,2021
1715,293,10,B,Fall,2020
1716,158,20,D,Spring,2020
1717,630,21,B,Spring,2020
1718,306,25,A,Fall,2021
1719,423,21,C,Fall,2020
1720,54,13,B,Spring,2023
1721,521,49,F,Fall,2020
1722,276,4,C,Fall,2023
1723,68,31,A,Fall,2021
1724,20,18,F,Spring,2021
1725,782,36,B,Fall,2023
1726,457,6,F,Spring,2021
1727,383,35,B,Spring,2023
1728,569,29,A,Spring,2023
1729,636,19,B,Spring,2020
1730,494,18,F,Fall,2023
1731,360,41,B,Fall,2020
1732,166,48,F,Spring,2022
1733,92,26,A,Spring,2022
1734,443,14,F,Fall,2022
1735,651,17,D,Fall,2021
1736,679,21,C,Spring,2023
1737,614,22,A,Spring,2020
1738,624,31,A,Spring,2021
1739,424,36,D,Fall,2020
1740,665,42,A,Spring,2023
1741,689,8,C,Fall,2022
1742,397,12,A,Spring,2023
1743,380,13,D,Spring,2021
1744,761,2,C,Fall,2021
1745,93,40,C,Spring,2021
1746,506,24,A,Fall,2023
1747,721,46,F,Spring,2020
1748,201,41,D,Spring,2022
1749,583,33,D,Spring,2021
1750,676,48,F,Spring,2020
1751,603,9,A,Spring,2022
1752,584,15,F,Fall,2021
1753,695,2,F,Fall,2023
1754,3,28,A,Fall,2023
1755,417,18,A,Fall,2023
1756,371,34,A,Spring,2020
1757,285,27,F,Fall,2022
1758,6,26,B,Fall,2020
1759,586,2,B,Fall,2020
1760,256,13,B,Fall,2022
1761,65,41,A,Spring,2023
1762,443,2,F,Fall,2022
1763,254,7,D,Spring,2022
1764,56,22,F,Spring,2020
1765,795,39,F,Fall,2020
1766,641,29,F,Spring,2020
1767,63,3,D,Fall,2020
1768,131,4,D,Spring,2022
1769,626,41,D,Spring,2020
1770,694,4,F,Spring,2022
1771,391,26,A,Fall,2021
1772,614,43,F,Spring,2023
1773,394,30,D,Spring,2022
1774,667,44,A,Fall,2022
1775,602,13,A,Spring,2020
1776,610,46,A,Spring,2021
1777,653,33,C,Fall,2023
1778,493,47,F,Fall,2021
1779,249,9,A,Spring,2021
1780,320,38,D,Fall,2022
1781,598,35,B,Spring,2023
1782,317,39,C,Fall,2022
1783,9,34,F,Spring,2020
1784,244,33,F,Spring,2023
1785,353,13,B,Spring,2020
1786,350,13,D,Fall,2022
1787,593,37,C,Fall,2023
1788,337,11,A,Fall,2020
1789,508,15,A,Spring,2021
1790,478,40,B,Spring,2023
1791,753,50,C,Fall,2021
1792,410,12,A,Fall,2020
1793,76,23,A,Spring,2021
1794,298,29,B,Fall,2020
1795,31,13,B,Fall,2021
1796,225,17,B,Fall,2021
1797,183,13,A,Spring,2022
1798,104,2,B,Fall,2020
1799,347,14,C,Fall,2021
1800,379,24,B,Fall,2020
1801,122,10,B,Spring,2021
1802,546,25,C,Fall,2023
1803,652,16,A,Spring,2022
1804,153,21,B,Spring,2022
1805,130,33,F,Fall,2021
1806,745,6,D,Spring,2021
1807,521,25,F,Fall,2023
1808,532,30,B,Fall,2022
1809,539,45,D,Fall,2023
1810,275,38,D,Spring,2021
1811,225,13,D,Spring,2023
1812,224,20,D,Fall,2021
1813,384,17,F,Spring,2021
1814,770,6,C,Fall,2022
1815,236,38,A,Fall,2022
1816,437,29,D,Fall,2023
1817,377,32,C,Fall,2023
1818,26,12,D,Spring,2022
1819,661,5,C,Spring,2022
1820,514,33,F,Spring,2022
1821,234,7,A,Spring,2022
1822,40,35,B,Fall,2021
1823,692,22,C,Fall,2022
1824,196,46,F,Spring,2022
1825,9,50,C,Fall,2022
1826,414,26,F,Spring,2023
1827,670,33,B,Fall,2021
1828,233,47,B,Fall,2021
1829,529,38,F,Fall,2023
1830,349,6,C,Spring,2023
1831,789,45,D,Spring,2023
1832,461,36,A,Fall,2021
1833,592,9,C,Spring,2023
1834,675,23,C,Spring,2023
1835,436,44,D,Fall,2022
1836,602,2,F,Spring,2021
1837,158,22,F,Fall,2023
1838,210,26,A,Fall,2021
1839,487,7,C,Fall,2022
1840,96,11,A,Spring,2020
1841,706,39,D,Spring,2021
1842,204,5,D,Fall,2021
1843,239,19,F,Spring,2023
1844,59,24,F,Spring,2021
1845,335,27,D,Spring,2020
1846,133,35,D,Fall,2020
1847,399,14,B,Spring,2022
1848,443,46,D,Spring,2022
1849,602,13,F,Fall,2022
1850,207,1,B,Fall,2020
1851,409,39,B,Fall,2023
1852,472,30,F,Spring,2020
1853,295,42,D,Fall,2022
1854,401,40,B,Fall,2021
1855,184,40,D,Fall,2023
1856,675,12,F,Spring,2023
1857,716,3,B,Spring,2022
1858,644,35,C,Spring,2021
1859,506,27,F,Spring,2022
1860,79,49,A,Fall,2023
1861,462,11,C,Spring,2020
1862,474,2,A,Fall,2023
1863,352,48,D,Spring,2023
1864,39,1,C,Spring,2021
1865,335,43,D,Fall,2023
1866,70,6,F,Spring,2023
1867,144,31,C,Spring,2021
1868,19,39,A,Spring,2022
1869,128,35,D,Spring,2020
1870,688,49,A,Fall,2021
1871,452,23,B,Spring,2020
1872,692,35,B,Fall,2020
1873,651,34,A,Fall,2022
1874,455,4,F,Spring,2020
1875,791,25,B,Spring,2022
1876,245,13,A,Spring,2023
1877,29,1,C,Spring,2020
1878,226,7,B,Spring,2020
1879,426,33,A,Fall,2022
1880,576,41,B,Spring,2023
1881,439,8,B,Spring,2020
1882,366,21,B,Spring,2023
1883,670,21,A,Fall,2021
1884,470,15,A,Fall,2022
1885,45,5,B,Fall,2022
1886,786,39,D,Spring,2021
1887,258,7,F,Fall,2023
1888,695,50,B,Fall,2021
1889,651,49,C,Fall,2020
1890,344,2,F,Fall,2023
1891,524,41,B,Spring,2021
1892,22,40,A,Fall,2021
1893,756,28,B,Spring,2020
1894,141,24,D,Fall,2021
1895,156,25,B,Spring,2021
1896,743,39,D,Fall,2021
1897,285,21,A,Fall,2022
1898,769,2,B,Fall,2022
1899,249,14,F,Spring,2021
1900,704,45,B,Fall,2022
1901,188,29,A,Spring,2023
1902,72,13,A,Spring,2021
1903,129,6,B,Spring,2021
1904,520,6,D,Fall,2022
1905,169,47,B,Spring,2023
1906,181,39,B,Fall,2022
1907,591,29,B,Fall,2023
1908,82,24,D,Fall,2021
1909,483,29,D,Fall,2021
1910,494,2,D,Fall,2020
1911,778,20,F,Spring,2021
1912,264,25,D,Fall,2023
1913,291,25,F,Fall,2020
1914,342,9,D,Spring,2021
1915,195,1,A,Fall,2023
1916,415,27,D,Fall,2023
1917,502,20,F,Spring,2023
1918,40,8,D,Spring,2021
1919,782,28,C,Fall,2023
1920,651,45,C,Spring,2023
1921,435,48,B,Spring,2023
1922,36,24,A,Spring,2022
1923,620,30,B,Fall,2021
1924,617,38,B,Spring,2020
1925,790,6,D,Fall,2020
1926,531,13,D,Spring,2023
1927,259,45,C,Fall,2022
1928,752,27,A,Spring,2022
1929,147,18,B,Fall,2022
1930,7,11,D,Spring,2020
1931,72,50,D,Fall,2022
1932,751,28,B,Spring,2022
1933,191,46,B,Spring,2023
1934,187,33,A,Fall,2021
1935,191,13,A,Spring,2021
1936,266,27,D,Spring,2021
1937,82,19,A,Fall,2020
1938,284,5,C,Spring,2021
1939,490,32,A,Spring,2020
1940,273,49,A,Spring,2020
1941,217,34,A,Fall,2022
1942,498,31,C,Fall,2022
1943,380,44,C,Fall,2021
1944,370,43,D,Fall,2020
1945,365,22,A,Spring,2023
1946,716,26,B,Spring,2020
1947,544,18,B,Fall,2023
1948,634,44,D,Fall,2021
1949,4,41,C,Spring,2022
1950,47,48,C,Fall,2021
1951,622,32,D,Spring,2022
1952,439,31,A,Fall,2022
1953,622,13,B,Spring,2021
1954,510,6,C,Fall,2021
1955,457,8,D,Spring,2021
1956,217,11,A,Spring,2023
1957,733,2,B,Fall,2023
1958,785,18,B,Fall,2023
1959,687,8,B,Fall,2020
1960,709,22,B,Spring,2022
1961,387,46,D,Fall,2021
1962,229,17,A,Fall,2020
1963,115,6,C,Spring,2020
1964,587,24,B,Fall,2023
1965,591,48,A,Fall,2020
1966,605,35,B,Fall,2023
1967,328,50,C,Spring,2021
1968,110,26,A,Fall,2022
1969,149,19,B,Fall,2023
1970,151,39,C,Spring,2020
1971,614,21,C,Spring,2022
1972,724,37,D,Spring,2023
1973,299,46,D,Spring,2022
1974,157,46,B,Spring,2020
1975,795,12,D,Fall,2022
1976,676,11,A,Fall,2022
1977,433,44,D,Fall,2023
1978,401,5,F,Fall,2022
1979,714,13,F,Fall,2020
1980,135,21,F,Spring,2022
1981,469,42,B,Spring,2023
1982,713,31,C,Spring,2021
1983,224,48,B,Spring,2022
1984,744,37,A,Spring,2023
1985,438,44,B,Spring,2020
1986,365,31,B,Spring,2020
1987,528,42,C,Fall,2021
1988,643,47,D,Spring,2020
1989,122,16,D,Fall,2022
1990,705,39,B,Fall,2020
1991,797,30,D,Fall,2023
1992,377,1,A,Spring,2020
1993,125,32,F,Spring,2020
1994,601,37,F,Fall,2022
1995,711,48,A,Spring,2023
1996,496,42,D,Fall,2021
1997,102,21,A,Spring,2023
1998,718,2,D,Fall,2020
1999,532,38,F,Spring,2021
2000,675,8,B,Spring,2020
2001,569,29,C,Spring,2020
2002,132,37,B,Spring,2020
2003,576,17,A,Spring,2020
2004,519,20,C,Spring,2023
2005,674,1,B,Fall,2020
2006,532,19,F,Fall,2021
2007,591,32,C,Fall,2021
2008,705,7,A,Spring,2020
2009,193,10,C,Spring,2021
2010,617,36,B,Fall,2022
2011,132,47,F,Fall,2020
2012,564,17,C,Fall,2021
2013,410,30,A,Fall,2023
2014,712,10,F,Spring,2020
2015,645,47,C,Spring,2022
2016,578,43,F,Spring,2023
2017,158,21,D,Fall,2020
2018,619,16,A,Fall,2020
2019,545,8,F,Fall,2020
2020,338,41,A,Fall,2022
2021,797,18,B,Spring,2022
2022,11,7,D,Spring,2023
2023,108,8,B,Fall,2023
2024,98,34,C,Fall,2022
2025,623,7,A,Spring,2022
2026,770,25,B,Fall,2023
2027,489,38,B,Fall,2020
2028,704,33,B,Spring,2021
2029,388,37,C,Spring,2022
2030,725,50,B,Fall,2023
2031,188,29,C,Fall,2022
2032,283,28,F,Spring,2022
2033,651,6,C,Fall,2022
2034,93,41,A,Spring,2021
2035,96,11,F,Spring,2020
2036,762,19,F,Fall,2020
2037,435,44,F,Spring,2023
2038,510,33,F,Spring,2023
2039,15,40,B,Spring,2023
2040,720,35,C,Spring,2020
2041,622,29,B,Spring,2021
2042,77,24,B,Fall,2020
2043,433,32,D,Spring,2022
2044,116,22,B,Spring,2022
2045,307,31,C,Fall,2021
2046,3,48,F,Fall,2021
2047,313,42,F,Spring,2023
2048,633,32,A,Fall,2020
2049,631,30,C,Fall,2022
2050,110,1,C,Spring,2023
2051,364,1,A,Fall,2023
2052,203,6,F,Spring,2023
2053,127,32,A,Spring,2022
2054,232,31,D,Fall,2022
2055,374,28,B,Fall,2020
2056,450,43,D,Spring,2021
2057,363,48,D,Spring,2022
2058,727,13,A,Spring,2022
2059,42,9,D,Fall,2022
2060,33,11,B,Fall,2022
2061,122,27,D,Fall,2021
2062,333,49,D,Fall,2021
2063,113,7,A,Spring,2021
2064,353,33,A,Spring,2020
2065,695,22,D,Spring,2023
2066,492,19,C,Fall,2020
2067,780,28,B,Spring,2021
2068,256,18,A,Fall,2021
2069,683,28,B,Fall,2020
2070,718,47,F,Spring,2021
2071,606,41,B,Spring,2020
2072,136,26,A,Fall,2021
2073,150,28,A,Spring,2020
2074,53,25,D,Fall,2021
2075,228,22,D,Fall,2020
2076,523,28,A,Fall,2020
2077,276,24,C,Fall,2023
2078,253,21,A,Spring,2020
2079,1,4,C,Spring,2022
2080,484,18,F,Spring,2023
2081,190,17,D,Fall,2022
2082,312,8,A,Spring,2021
2083,340,24,C,Fall,2021
2084,666,18,B,Fall,2020
2085,109,9,F,Spring,2020
2086,601,42,B,Spring,2023
2087,102,5,F,Fall,2022
2088,743,31,B,Spring,2020
2089,131,13,D,Fall,2022
2090,375,29,A,Fall,2020
2091,495,27,F,Spring,2021
2092,614,18,B,Fall,2020
2093,580,4,B,Fall,2023
2094,702,35,F,Spring,2021
2095,449,49,F,Fall,2023
2096,411,39,C,Spring,2021
2097,4,11,F,Spring,2020
2098,526,30,F,Fall,2022
2099,226,19,C,Spring,2021
2100,230,3,F,Spring,2022
2101,41,41,B,Fall,2021
2102,277,4,B,Spring,2020
2103,2,42,C,Fall,2022
2104,86,46,F,Fall,2021
2105,419,40,C,Fall,2020
2106,641,1,C,Spring,2022
2107,181,17,A,Spring,2023
2108,670,17,F,Spring,2023
2109,226,21,C,Spring,2023
2110,160,29,B,Fall,2022
2111,152,31,A,Fall,2021
2112,471,12,B,Spring,2023
2113,747,12,C,Spring,2022
2114,167,12,D,Spring,2020
2115,147,5,D,Spring,2023
2116,661,26,A,Spring,2020
2117,618,7,D,Fall,2020
2118,113,1,A,Spring,2021
2119,789,6,C,Spring,2020
2120,10,7,F,Fall,2020
2121,208,9,D,Fall,2021
2122,315,22,D,Spring,2021
2123,58,35,C,Spring,2020
2124,46,7,F,Fall,2020
2125,524,27,B,Spring,2021
2126,25,15,D,Fall,2021
2127,362,42,C,Spring,2023
2128,704,46,A,Fall,2021
2129,113,15,A,Fall,2022
2130,79,40,C,Spring,2022
2131,87,3,F,Spring,2021
2132,439,34,C,Spring,2023
2133,154,43,C,Fall,2022
2134,107,18,D,Fall,2022
2135,729,5,A,Spring,2021
2136,328,10,D,Fall,2023
2137,69,8,F,Fall,2022
2138,149,6,C,Spring,2021
2139,786,25,C,Fall,2023
2140,435,31,D,Fall,2021
2141,670,16,D,Fall,2023
2142,552,35,D,Spring,2023
2143,86,38,D,Spring,2020
2144,241,24,A,Spring,2020
2145,372,36,D,Spring,2020
2146,62,23,C,Spring,2022
2147,472,10,F,Fall,2021
2148,216,15,A,Spring,2020
2149,713,46,B,Fall,2020
2150,713,28,C,Spring,2020
2151,679,38,A,Fall,2021
2152,31,10,C,Spring,2020
2153,251,5,A,Fall,2021
2154,784,12,D,Spring,2022
2155,482,27,C,Fall,2020
2156,294,8,B,Spring,2020
2157,619,49,B,Spring,2020
2158,406,28,D,Fall,2022
2159,727,15,D,Spring,2022
2160,95,34,D,Spring,2021
2161,411,40,A,Spring,2023
2162,189,48,F,Spring,2023
2163,489,21,D,Fall,2021
2164,56,24,D,Spring,2022
2165,112,7,A,Fall,2022
2166,29,16,C,Spring,2020
2167,67,14,F,Spring,2022
2168,193,36,B,Spring,2021
2169,276,6,F,Spring,2023
2170,47,4,C,Spring,2022
2171,9,23,C,Fall,2021
2172,323,49,D,Fall,2021
2173,720,44,A,Fall,2023
2174,760,33,A,Spring,2020
2175,602,25,D,Spring,2022
2176,166,10,D,Spring,2020
2177,736,15,B,Spring,2021
2178,514,34,F,Fall,2023
2179,135,22,C,Fall,2023
2180,41,46,D,Spring,2021
2181,626,39,A,Spring,2023
2182,100,1,B,Fall,2020
2183,511,7,D,Fall,2021
2184,303,11,A,Fall,2022
2185,362,6,A,Spring,2023
2186,265,31,C,Fall,2021
2187,127,37,D,Spring,2022
2188,294,26,D,Spring,2023
2189,376,33,F,Fall,2022
2190,86,44,D,Fall,2022
2191,699,3,F,Spring,2021
2192,717,36,A,Spring,2020
2193,298,25,B,Fall,2020
2194,229,25,D,Spring,2022
2195,478,30,F,Fall,2020
2196,88,12,A,Fall,2023
2197,205,26,C,Spring,2022
2198,351,39,D,Spring,2023
2199,118,18,D,Spring,2021
2200,482,10,B,Fall,2020
2201,616,50,D,Spring,2022
2202,441,31,B,Spring,2021
2203,24,49,D,Fall,2022
2204,651,12,A,Spring,2020
2205,281,26,A,Fall,2023
2206,430,34,B,Fall,2021
2207,56,6,D,Fall,2022
2208,169,13,C,Fall,2023
2209,487,35,B,Fall,2022
2210,710,37,D,Spring,2021
2211,80,47,F,Spring,2022
2212,681,47,C,Spring,2021
2213,470,10,D,Fall,2020
2214,691,27,C,Spring,2023
2215,129,41,D,Spring,2020
2216,224,48,B,Fall,2021
2217,616,25,B,Fall,2021
2218,196,44,F,Spring,2022
2219,373,2,C,Fall,2020
2220,717,32,D,Fall,2023
2221,361,23,F,Fall,2022
2222,117,12,D,Fall,2022
2223,182,36,F,Spring,2023
2224,391,19,D,Fall,2020
2225,90,7,A,Spring,2023
2226,107,32,F,Spring,2023
2227,516,38,A,Fall,2023
2228,217,15,D,Fall,2020
2229,201,31,A,Fall,2023
2230,423,42,D,Spring,2022
2231,230,33,C,Fall,2022
2232,315,27,B,Spring,2023
2233,34,1,A,Spring,2022
2234,532,48,F,Fall,2022
2235,175,37,D,Spring,2023
2236,198,40,D,Spring,2023
2237,132,41,D,Spring,2023
2238,326,34,B,Fall,2021
2239,102,46,B,Spring,2023
2240,781,41,C,Spring,2022
2241,209,6,A,Spring,2023
2242,12,41,F,Spring,2020
2243,633,46,F,Spring,2023
2244,26,48,B,Fall,2022
2245,192,16,B,Fall,2021
2246,549,16,D,Fall,2020
2247,282,6,B,Spring,2020
2248,114,30,F,Spring,2020
2249,146,19,C,Spring,2020
2250,80,32,C,Spring,2023
2251,104,32,A,Fall,2020
2252,499,41,A,Spring,2023
2253,385,21,D,Spring,2021
2254,306,1,B,Spring,2020
2255,352,23,D,Spring,2021
2256,535,48,C,Spring,2021
2257,621,2,F,Spring,2021
2258,222,24,A,Spring,2020
2259,336,9,B,Spring,2021
2260,275,18,D,Spring,2020
2261,357,46,F,Fall,2023
2262,764,32,D,Fall,2021
2263,257,12,B,Fall,2023
2264,106,38,F,Fall,2021
2265,211,47,D,Fall,2023
2266,434,39,C,Fall,2020
2267,622,25,D,Spring,2022
2268,383,41,A,Fall,2021
2269,35,33,C,Fall,2022
2270,619,42,F,Fall,2023
2271,31,8,B,Fall,2023
2272,191,23,B,Spring,2021
2273,673,24,C,Spring,2022
2274,126,1,C,Spring,2022
2275,219,30,F,Fall,2021
2276,576,5,D,Fall,2021
2277,540,14,A,Fall,2020
2278,588,42,D,Fall,2022
2279,328,13,B,Spring,2023
2280,511,3,C,Fall,2020
2281,128,29,B,Fall,2023
2282,243,37,A,Fall,2020
2283,660,37,A,Fall,2022
2284,135,26,A,Spring,2022
2285,661,2,A,Fall,2020
2286,426,47,C,Fall,2022
2287,772,23,D,Spring,2022
2288,506,40,A,Fall,2022
2289,714,30,D,Spring,2022
2290,633,7,A,Spring,2020
2291,11,9,A,Fall,2023
2292,232,11,A,Spring,2022
2293,551,1,A,Fall,2020
2294,114,4,C,Spring,2022
2295,338,45,F,Fall,2022
2296,716,11,B,Fall,2020
2297,130,21,B,Fall,2023
2298,685,8,F,Spring,2023
2299,678,32,C,Fall,2023
2300,232,6,C,Fall,2020
2301,362,36,B,Spring,2020
2302,77,32,A,Spring,2020
2303,687,14,D,Fall,2021
2304,500,7,C,Spring,2022
2305,779,20,D,Spring,2020
2306,134,15,C,Fall,2023
2307,636,33,B,Fall,2021
2308,71,18,D,Spring,2022
2309,592,42,A,Spring,2023
2310,110,48,A,Spring,2020
2311,472,12,C,Spring,2023
2312,678,34,D,Fall,2022
2313,122,36,A,Fall,2023
2314,218,10,D,Fall,2022
2315,55,29,C,Fall,2020
2316,51,42,D,Fall,2021
2317,302,13,D,Spring,2022
2318,543,39,D,Fall,2020
2319,698,4,B,Spring,2021
2320,118,4,A,Fall,2021
2321,68,35,A,Fall,2021
2322,636,45,D,Fall,2023
2323,104,15,C,Fall,2021
2324,176,14,C,Fall,2022
2325,752,1,A,Spring,2023
2326,757,20,B,Spring,2022
2327,698,5,B,Spring,2022
2328,467,10,A,Fall,2023
2329,343,2,B,Fall,2020
2330,175,44,A,Fall,2023
2331,598,1,D,Spring,2023
2332,113,3,A,Fall,2021
2333,538,33,B,Spring,2020
2334,103,20,C,Fall,2023
2335,753,23,F,Fall,2023
2336,260,24,D,Spring,2022
2337,309,46,C,Fall,2020
2338,277,44,F,Spring,2021
2339,421,15,B,Fall,2023
2340,32,16,F,Fall,2022
2341,212,48,A,Spring,2023
2342,655,7,C,Fall,2021
2343,272,44,C,Fall,2023
2344,604,27,C,Fall,2021
2345,43,38,F,Fall,2020
2346,444,30,F,Fall,2022
2347,113,1,D,Spring,2023
2348,698,10,F,Fall,2021
2349,311,32,C,Spring,2022
2350,16,30,A,Spring,2022
2351,608,8,A,Fall,2022
2352,6,28,C,Spring,2020
2353,258,9,C,Fall,2021
2354,89,46,C,Spring,2021
2355,443,38,A,Fall,2021
2356,33,31,C,Spring,2023
2357,433,26,A,Fall,2022
2358,612,20,B,Fall,2022
2359,593,9,B,Fall,2021
2360,427,36,B,Fall,2022
2361,88,20,F,Fall,2021
2362,385,28,A,Spring,2023
2363,711,21,F,Fall,2023
2364,363,28,D,Fall,2023
2365,473,2,F,Spring,2023
2366,91,49,B,Fall,2021
2367,595,33,C,Spring,2022
2368,55,49,D,Spring,2023
2369,687,1,D,Fall,2020
2370,87,4,C,Spring,2022
2371,609,7,C,Fall,2022
2372,63,8,F,Spring,2021
2373,529,10,F,Fall,2021
2374,229,44,B,Fall,2022
2375,737,1,D,Spring,2020
2376,69,1,B,Spring,2020
2377,254,14,A,Fall,2020
2378,518,29,D,Spring,2020
2379,308,26,D,Spring,2021
2380,560,17,F,Fall,2020
2381,443,10,A,Spring,2021
2382,763,43,B,Spring,2021
2383,488,31,C,Fall,2020
2384,603,32,C,Fall,2023
2385,396,45,A,Fall,2023
2386,436,10,A,Fall,2023
2387,124,37,D,Spring,2022
2388,35,42,F,Fall,2020
2389,364,9,D,Fall,2022
2390,10,11,C,Spring,2022
2391,724,34,D,Spring,2021
2392,672,10,C,Fall,2023
2393,733,9,C,Fall,2023
2394,70,42,D,Fall,2023
2395,621,43,B,Fall,2021
2396,715,21,F,Fall,2023
2397,70,3,A,Spring,2021
2398,99,43,A,Fall,2023
2399,332,49,B,Spring,2020
2400,179,47,D,Fall,2020
2401,64,40,C,Spring,2020
2402,768,5,D,Fall,2020
2403,179,21,A,Fall,2023
2404,137,41,F,Spring,2021
2405,259,32,D,Fall,2021
2406,207,48,B,Fall,2021
2407,89,38,A,Spring,2021
2408,35,9,A,Fall,2023
2409,582,35,A,Fall,2021
2410,699,47,F,Fall,2021
2411,213,37,D,Fall,2022
2412,634,36,B,Spring,2023
2413,438,41,D,Spring,2020
2414,131,34,C,Spring,2020
2415,511,15,A,Fall,2020
2416,230,19,C,Fall,2022
2417,70,11,C,Spring,2021
2418,531,40,F,Fall,2023
2419,634,4,F,Spring,2023
2420,270,42,A,Spring,2022
2421,432,17,B,Fall,2020
2422,143,14,F,Fall,2020
2423,242,32,A,Spring,2022
2424,73,27,F,Spring,2023
2425,133,18,A,Spring,2020
2426,509,33,B,Fall,2023
2427,490,20,B,Spring,2020
2428,27,50,B,Fall,2020
2429,566,31,A,Fall,2023
2430,713,9,D,Fall,2021
2431,119,29,A,Fall,2022
2432,199,22,D,Spring,2021
2433,238,6,F,Spring,2021
2434,423,48,F,Spring,2020
2435,738,16,A,Spring,2020
2436,130,29,B,Fall,2020
2437,322,23,F,Spring,2022
2438,133,39,D,Fall,2020
2439,673,5,A,Fall,2021
2440,507,46,C,Spring,2023
2441,731,20,C,Fall,2021
2442,540,18,C,Spring,2020
2443,355,27,F,Fall,2022
2444,81,14,B,Spring,2022
2445,760,36,B,Spring,2022
2446,743,10,A,Spring,2023
2447,666,49,D,Spring,2020
2448,511,3,C,Fall,2023
2449,308,6,A,Fall,2023
2450,508,2,D,Fall,2023
2451,46,15,B,Fall,2021
2452,676,28,F,Spring,2022
2453,33,35,C,Spring,2022
2454,269,49,F,Spring,2020
2455,350,47,F,Fall,2023
2456,747,48,A,Spring,2023
2457,739,44,C,Fall,2023
2458,587,47,F,Fall,2021
2459,391,30,B,Spring,2020
2460,288,44,C,Spring,2021
2461,790,35,C,Fall,2023
2462,40,40,C,Fall,2022
2463,676,17,F,Spring,2020
2464,315,37,C,Fall,2021
2465,455,30,A,Fall,2020
2466,478,3,C,Fall,2021
2467,419,4,F,Spring,2022
2468,625,36,C,Spring,2023
2469,185,17,C,Fall,2023
2470,131,15,B,Spring,2020
2471,239,8,A,Spring,2023
2472,594,21,A,Spring,2020
2473,732,17,C,Spring,2022
2474,554,46,A,Spring,2022
2475,112,5,F,Fall,2020
2476,524,5,B,Spring,2022
2477,585,24,D,Spring,2023
2478,290,10,A,Fall,2022
2479,344,27,C,Fall,2022
2480,637,2,B,Fall,2020
2481,298,10,F,Spring,2020
2482,624,14,C,Fall,2021
2483,388,38,A,Spring,2023
2484,781,42,A,Spring,2021
2485,579,33,F,Fall,2020
2486,541,4,F,Fall,2023
2487,325,18,B,Fall,2021
2488,337,16,C,Spring,2023
2489,323,48,A,Spring,2023
2490,751,27,C,Spring,2022
2491,574,33,A,Fall,2023
2492,620,15,D,Fall,2021
2493,584,9,F,Spring,2023
2494,691,38,B,Fall,2022
2495,350,21,A,Spring,2023
2496,432,33,B,Fall,2021
2497,185,30,A,Spring,2020
2498,429,17,F,Fall,2020
2499,130,3,D,Spring,2021
2500,75,9,F,Fall,2023
2501,363,9,D,Spring,2022
2502,122,22,C,Spring,2020
2503,76,48,C,Fall,2023
2504,646,29,D,Fall,2023
2505,717,9,B,Spring,2021
2506,8,38,F,Fall,2023
2507,389,21,D,Spring,2022
2508,792,7,B,Fall,2023
2509,350,4,F,Fall,2022
2510,331,25,C,Spring,2021
2511,43,48,B,Fall,2022
2512,589,40,C,Spring,2022
2513,292,11,A,Fall,2022
2514,499,29,B,Spring,2022
2515,266,39,A,Spring,2022
2516,145,7,B,Spring,2020
2517,613,3,F,Spring,2020
2518,501,2,C,Spring,2022
2519,585,28,D,Spring,2023
2520,303,8,A,Fall,2023
2521,506,17,A,Spring,2022
2522,750,43,A,Fall,2020
2523,763,15,A,Fall,2021
2524,520,22,C,Fall,2020
2525,724,45,C,Spring,2023
2526,103,46,F,Fall,2021
2527,572,43,A,Spring,2021
2528,141,38,D,Spring,2021
2529,272,31,B,Fall,2021
2530,752,32,C,Spring,2021
2531,651,6,F,Spring,2020
2532,445,5,D,Spring,2021
2533,40,27,C,Fall,2021
2534,654,23,D,Spring,2022
2535,238,19,D,Fall,2023
2536,613,23,F,Fall,2022
2537,99,15,A,Fall,2023
2538,458,21,B,Fall,2020
2539,181,30,C,Spring,2022
2540,714,26,B,Fall,2023
2541,616,27,B,Spring,2022
2542,275,33,B,Fall,2020
2543,576,50,C,Fall,2022
2544,422,26,D,Fall,2023
2545,267,4,C,Fall,2021
2546,348,41,A,Fall,2023
2547,420,15,F,Spring,2021
2548,799,41,A,Fall,2021
2549,620,35,A,Spring,2023
2550,93,50,C,Fall,2020
2551,671,4,F,Spring,2022
2552,549,13,B,Fall,2021
2553,298,11,C,Fall,2023
2554,221,36,B,Spring,2020
2555,21,49,F,Spring,2023
2556,497,3,B,Fall,2022
2557,25,15,B,Spring,2022
2558,768,8,D,Fall,2021
2559,759,18,A,Spring,2020
2560,517,47,D,Spring,2020
2561,761,35,F,Spring,2020
2562,754,38,D,Spring,2022
2563,332,28,F,Spring,2022
2564,281,30,B,Spring,2022
2565,672,37,D,Fall,2022
2566,440,6,B,Fall,2022
2567,495,19,F,Spring,2023
2568,18,32,D,Fall,2020
2569,464,15,F,Spring,2023
2570,790,15,D,Fall,2023
2571,577,7,C,Fall,2021
2572,646,6,A,Spring,2021
2573,502,38,B,Spring,2021
2574,413,40,D,Spring,2020
2575,786,32,C,Fall,2022
2576,759,22,B,Spring,2022
2577,706,37,F,Fall,2020
2578,275,45,B,Fall,2023
2579,321,42,B,Fall,2023
2580,726,31,F,Spring,2020
2581,436,45,A,Fall,2021
2582,776,1,B,Spring,2021
2583,203,29,A,Spring,2023
2584,508,11,F,Fall,2021
2585,767,36,D,Fall,2020
2586,304,8,D,Fall,2022
2587,536,21,F,Fall,2021
2588,145,19,F,Spring,2022
2589,532,39,C,Fall,2023
2590,216,22,B,Spring,2023
2591,11,21,D,Spring,2021
2592,482,5,A,Fall,2021
2593,205,45,A,Fall,2022
2594,97,4,F,Fall,2021
2595,69,23,F,Spring,2022
2596,644,1,B,Fall,2022
2597,437,38,C,Fall,2023
2598,261,36,F,Spring,2020
2599,607,10,A,Spring,2022
2600,183,17,F,Spring,2021
2601,535,38,D,Fall,2022
2602,755,40,D,Spring,2021
2603,3,15,B,Spring,2021
2604,147,11,D,Spring,2022
2605,80,4,B,Fall,2023
2606,681,31,C,Fall,2020
2607,247,36,D,Fall,2023
2608,724,31,C,Fall,2022
2609,544,6,F,Spring,2021
2610,649,18,B,Fall,2023
2611,502,45,C,Spring,2023
2612,668,23,B,Spring,2022
2613,478,50,C,Fall,2021
2614,632,36,B,Fall,2022
2615,184,48,A,Spring,2023
2616,370,34,B,Spring,2022
2617,337,7,C,Fall,2020
2618,622,18,A,Fall,2023
2619,408,3,C,Fall,2020
2620,586,2,D,Fall,2023
2621,178,31,F,Spring,2020
2622,379,2,F,Spring,2021
2623,135,6,D,Spring,2020
2624,455,41,A,Fall,2020
2625,558,18,B,Spring,2022
2626,689,21,B,Fall,2020
2627,681,26,D,Spring,2020
2628,198,49,F,Spring,2022
2629,86,12,D,Spring,2022
2630,624,13,F,Fall,2021
2631,651,48,A,Fall,2022
2632,575,23,A,Fall,2023
2633,582,45,A,Fall,2020
2634,120,6,B,Spring,2021
2635,326,38,A,Spring,2020
2636,223,41,C,Fall,2020
2637,742,16,C,Spring,2021
2638,318,4,D,Fall,2021
2639,286,9,F,Fall,2023
2640,232,13,C,Spring,2021
2641,303,17,D,Fall,2020
2642,502,23,F,Fall,2022
2643,791,42,F,Fall,2021
2644,38,38,D,Spring,2021
2645,720,28,C,Fall,2021
2646,351,45,F,Fall,2020
2647,526,50,B,Fall,2021
2648,479,17,A,Spring,2021
2649,487,9,D,Fall,2022
2650,578,25,F,Spring,2022
2651,719,7,C,Spring,2021
2652,432,31,C,Fall,2020
2653,192,23,C,Spring,2023
2654,560,12,A,Fall,2023
2655,608,37,D,Fall,2023
2656,250,17,C,Fall,2023
2657,695,26,C,Spring,2021
2658,782,33,A,Fall,2023
2659,793,18,F,Fall,2020
2660,168,33,B,Fall,2021
2661,582,49,B,Spring,2022
2662,56,6,C,Spring,2022
2663,470,26,B,Fall,2020
2664,675,10,B,Spring,2022
2665,315,6,B,Spring,2021
2666,448,6,B,Spring,2022
2667,6,31,B,Fall,2020
2668,483,36,D,Spring,2023
2669,685,25,D,Spring,2020
2670,397,9,C,Spring,2023
2671,792,21,C,Fall,2023
2672,547,5,C,Fall,2020
2673,228,39,B,Spring,2022
2674,371,22,F,Spring,2023
2675,80,42,B,Spring,2023
2676,193,3,B,Fall,2023
2677,96,22,D,Spring,2023
2678,155,19,C,Fall,2023
2679,36,17,D,Spring,2021
2680,408,44,F,Spring,2023
2681,85,23,A,Fall,2020
2682,165,21,B,Fall,2023
2683,12,32,D,Fall,2020
2684,311,28,C,Spring,2023
2685,515,24,D,Fall,2022
2686,115,12,D,Fall,2020
2687,154,1,C,Fall,2021
2688,528,40,D,Fall,2020
2689,476,19,A,Spring,2023
2690,472,24,A,Fall,2022
2691,436,22,C,Spring,2022
2692,184,19,C,Fall,2020
2693,458,21,C,Spring,2020
2694,366,47,A,Fall,2021
2695,180,6,F,Spring,2021
2696,745,10,D,Fall,2022
2697,354,30,F,Spring,2023
2698,42,5,C,Fall,2020
2699,151,39,A,Fall,2020
2700,346,41,C,Fall,2023
2701,23,12,C,Spring,2023
2702,120,13,F,Fall,2022
2703,631,33,F,Spring,2020
2704,384,37,D,Spring,2023
2705,282,48,B,Fall,2020
2706,620,26,B,Fall,2022
2707,6,27,B,Spring,2023
2708,673,9,C,Fall,2023
2709,614,41,C,Spring,2021
2710,231,2,C,Spring,2020
2711,627,19,F,Fall,2023
2712,651,39,C,Fall,2023
2713,572,1,C,Fall,2022
2714,355,29,B,Fall,2023
2715,216,35,B,Fall,2022
2716,413,3,F,Spring,2023
2717,575,23,A,Spring,2022
2718,312,19,C,Fall,2023
2719,31,10,F,Spring,2022
2720,579,28,D,Spring,2022
2721,570,48,D,Spring,2023
2722,551,9,D,Spring,2020
2723,406,14,B,Spring,2022
2724,183,11,D,Fall,2022
2725,770,14,D,Fall,2022
2726,789,24,A,Fall,2023
2727,231,26,D,Fall,2022
2728,461,11,B,Fall,2022
2729,4,35,C,Fall,2021
2730,700,7,D,Fall,2023
2731,421,13,A,Spring,2021
2732,625,40,F,Spring,2023
2733,24,21,F,Spring,2021
2734,583,41,D,Spring,2022
2735,24,48,F,Fall,2021
2736,166,30,C,Spring,2021
2737,484,46,B,Fall,2021
2738,301,5,A,Spring,2023
2739,471,16,F,Fall,2021
2740,182,30,F,Spring,2022
2741,164,16,D,Spring,2020
2742,767,3,D,Fall,2023
2743,73,27,C,Spring,2020
2744,450,31,A,Fall,2023
2745,743,50,A,Fall,2023
2746,734,33,D,Fall,2020
2747,107,10,C,Spring,2021
2748,376,27,C,Spring,2021
2749,495,14,C,Spring,2022
2750,658,45,A,Fall,2023
2751,771,16,C,Fall,2022
2752,706,29,C,Fall,2022
2753,582,18,F,Spring,2021
2754,152,34,C,Spring,2021
2755,380,37,C,Fall,2022
2756,734,11,F,Fall,2023
2757,731,29,C,Spring,2021
2758,151,39,C,Fall,2022
2759,653,15,A,Spring,2022
2760,152,38,A,Fall,2022
2761,739,33,F,Fall,2023
2762,634,11,C,Spring,2022
2763,536,24,D,Fall,2021
2764,538,31,B,Fall,2023
2765,15,43,A,Fall,2021
2766,317,14,B,Spring,2022
2767,624,50,A,Spring,2022
2768,511,30,F,Spring,2021
2769,760,13,C,Spring,2023
2770,642,7,C,Spring,2022
2771,567,35,F,Spring,2020
2772,458,37,F,Spring,2021
2773,263,48,B,Spring,2021
2774,707,46,D,Spring,2020
2775,624,18,F,Fall,2020
2776,761,13,A,Spring,2022
2777,63,14,B,Spring,2023
2778,476,7,F,Spring,2022
2779,650,5,B,Fall,2020
2780,453,6,D,Spring,2020
2781,556,38,B,Fall,2022
2782,583,1,F,Fall,2020
2783,738,29,B,Fall,2020
2784,258,49,D,Fall,2023
2785,647,12,C,Fall,2022
2786,661,20,C,Spring,2022
2787,282,44,F,Fall,2023
2788,115,49,B,Fall,2020
2789,327,33,D,Fall,2021
2790,184,5,D,Fall,2020
2791,454,22,F,Spring,2021
2792,798,7,B,Spring,2022
2793,514,20,C,Fall,2020
2794,702,20,F,Spring,2021
2795,332,11,B,Fall,2021
2796,162,40,B,Fall,2023
2797,670,39,D,Fall,2021
2798,270,31,C,Fall,2021
2799,314,22,C,Fall,2023
2800,316,28,F,Fall,2023
2801,6,49,D,Spring,2023
2802,363,42,B,Fall,2022
2803,20,46,B,Spring,2022
2804,302,24,A,Fall,2023
2805,392,21,F,Spring,2021
2806,633,33,D,Fall,2020
2807,77,16,B,Fall,2023
2808,739,38,D,Spring,2023
2809,705,46,D,Spring,2022
2810,622,38,D,Spring,2020
2811,58,41,C,Fall,2022
2812,449,19,A,Fall,2021
2813,768,5,C,Fall,2021
2814,155,38,C,Spring,2020
2815,449,16,C,Fall,2022
2816,707,2,B,Spring,2022
2817,370,50,D,Spring,2021
2818,329,30,B,Fall,2022
2819,342,13,C,Fall,2020
2820,144,8,D,Fall,2023
2821,499,4,F,Spring,2022
2822,17,37,D,Spring,2022
2823,552,32,C,Fall,2020
2824,753,5,F,Spring,2020
2825,545,11,F,Spring,2023
2826,625,42,B,Spring,2023
2827,284,30,D,Spring,2022
2828,75,12,F,Fall,2023
2829,541,50,D,Spring,2023
2830,589,19,A,Fall,2020
2831,9,15,C,Fall,2021
2832,266,15,F,Fall,2023
2833,670,43,B,Fall,2021
2834,194,50,B,Spring,2022
2835,186,7,A,Spring,2021
2836,554,23,A,Fall,2022
2837,236,43,B,Spring,2022
2838,168,28,C,Spring,2021
2839,791,23,A,Spring,2023
2840,127,25,A,Fall,2021
2841,390,4,D,Fall,2023
2842,204,14,D,Spring,2020
2843,180,33,F,Spring,2021
2844,775,14,A,Fall,2022
2845,768,21,D,Spring,2021
2846,93,33,C,Fall,2022
2847,521,8,D,Spring,2020
2848,390,27,D,Spring,2022
2849,370,20,A,Fall,2022
2850,235,45,A,Fall,2023
2851,17,18,C,Spring,2021
2852,255,12,F,Spring,2021
2853,532,10,B,Fall,2020
2854,63,39,B,Fall,2022
2855,633,27,B,Fall,2021
2856,179,34,B,Spring,2022
2857,113,11,A,Fall,2021
2858,314,26,C,Fall,2022
2859,30,2,C,Spring,2023
2860,36,48,B,Fall,2020
2861,553,25,F,Spring,2021
2862,103,1,C,Spring,2020
2863,430,5,A,Fall,2023
2864,426,35,D,Spring,2020
2865,319,31,D,Fall,2021
2866,331,43,F,Fall,2020
2867,490,32,F,Spring,2021
2868,225,33,B,Spring,2021
2869,676,6,A,Fall,2022
2870,630,7,B,Spring,2022
2871,190,47,C,Fall,2023
2872,685,38,F,Fall,2021
2873,336,28,C,Spring,2020
2874,766,25,A,Spring,2021
2875,15,10,A,Spring,2021
2876,407,21,A,Fall,2023
2877,353,13,F,Fall,2023
2878,220,30,F,Fall,2023
2879,121,48,C,Fall,2022
2880,191,17,C,Fall,2023
2881,680,7,C,Fall,2020
2882,375,28,A,Spring,2020
2883,233,30,A,Spring,2022
2884,130,23,C,Fall,2023
2885,567,6,F,Spring,2023
2886,524,13,B,Spring,2020
2887,204,47,C,Spring,2020
2888,546,24,F,Spring,2021
2889,384,11,A,Spring,2021
2890,770,46,B,Fall,2021
2891,286,4,D,Fall,2023
2892,535,27,D,Fall,2022
2893,140,47,C,Spring,2020
2894,258,46,F,Fall,2021
2895,752,40,F,Spring,2020
2896,774,27,B,Spring,2023
2897,165,49,B,Fall,2021
2898,662,27,D,Spring,2021
2899,359,5,B,Fall,2021
2900,412,8,F,Spring,2021
2901,455,10,C,Fall,2020
2902,653,8,F,Fall,2020
2903,791,41,F,Fall,2021
2904,677,29,C,Spring,2023
2905,158,5,C,Fall,2020
2906,391,17,A,Fall,2023
2907,600,11,D,Fall,2021
2908,536,7,A,Fall,2021
2909,681,32,D,Fall,2020
2910,654,7,C,Fall,2022
2911,656,33,C,Fall,2022
2912,366,6,A,Spring,2023
2913,249,38,D,Spring,2023
2914,682,18,A,Fall,2023
2915,622,34,D,Spring,2020
2916,605,42,A,Spring,2020
2917,783,16,C,Fall,2023
2918,736,48,A,Fall,2023
2919,472,37,F,Spring,2023
2920,644,48,D,Spring,2021
2921,581,12,A,Fall,2020
2922,300,27,A,Fall,2022
2923,368,44,C,Fall,2021
2924,284,29,A,Fall,2023
2925,716,41,C,Spring,2021
2926,572,50,F,Fall,2023
2927,772,23,B,Fall,2020
2928,342,23,F,Spring,2022
2929,314,7,A,Fall,2022
2930,637,32,B,Fall,2021
2931,272,46,D,Fall,2022
2932,449,24,B,Spring,2022
2933,17,8,B,Fall,2022
2934,775,36,F,Spring,2023
2935,634,45,A,Spring,2020
2936,93,46,F,Fall,2022
2937,150,46,C,Fall,2023
2938,137,25,A,Fall,2020
2939,332,15,D,Spring,2021
2940,562,10,C,Spring,2023
2941,230,45,B,Spring,2021
2942,451,42,B,Spring,2020
2943,304,16,A,Fall,2023
2944,425,36,F,Spring,2023
2945,191,34,F,Fall,2023
2946,765,17,C,Fall,2023
2947,380,24,B,Fall,2022
2948,79,45,B,Fall,2021
2949,552,38,B,Spring,2023
2950,549,21,A,Spring,2022
2951,735,45,F,Spring,2023
2952,276,37,A,Fall,2023
2953,510,38,D,Spring,2021
2954,23,36,D,Spring,2022
2955,489,46,B,Spring,2022
2956,67,47,C,Fall,2020
2957,731,39,D,Fall,2021
2958,406,14,D,Fall,2022
2959,339,15,F,Fall,2021
2960,785,35,F,Fall,2020
2961,625,4,C,Spring,2020
2962,629,5,F,Fall,2021
2963,751,13,B,Spring,2021
2964,31,42,D,Spring,2022
2965,92,7,D,Fall,2023
2966,391,45,D,Spring,2022
2967,188,7,C,Fall,2021
2968,725,28,C,Fall,2020
2969,189,17,D,Spring,2021
2970,360,42,A,Fall,2023
2971,770,7,F,Fall,2020
2972,621,4,F,Spring,2022
2973,98,11,A,Spring,2020
2974,335,25,C,Spring,2022
2975,72,12,B,Fall,2021
2976,549,14,C,Spring,2021
2977,615,24,F,Spring,2023
2978,724,50,B,Spring,2023
2979,32,40,A,Spring,2022
2980,299,7,C,Spring,2021
2981,103,32,B,Spring,2022
2982,466,43,F,Fall,2023
2983,120,43,F,Spring,2022
2984,253,24,B,Spring,2023
2985,193,26,A,Fall,2020
2986,492,43,F,Spring,2020
2987,680,42,C,Fall,2021
2988,290,21,B,Fall,2021
2989,300,41,D,Fall,2023
2990,387,6,D,Spring,2023
2991,107,21,F,Fall,2023
2992,314,32,C,Spring,2020
2993,193,6,C,Spring,2022
2994,757,4,F,Spring,2020
2995,311,25,B,Fall,2020
2996,701,28,F,Spring,2022
2997,698,45,A,Spring,2020
2998,469,12,B,Fall,2020
2999,732,14,D,Spring,2020
3000,47,25,B,Spring,2022
